star_mag,impacted_area,total_area,band,fa_x,fa_y
-3.0,2974020616.853001,4006634500.0000024,z,0,0.026179938779914945
-3.0,3492919850.9480014,4006634500.0000024,i,0,0.026179938779914945
-3.0,3628211878.109502,4006634500.0000024,r,0,0.017453292519943295
-3.0,3666811794.882502,4006634500.0000024,g,0,0.026179938779914945
-3.0,3599953084.9810014,4006634500.0000024,r,0,0.026179938779914945
-3.0,3475306685.6860013,4006634500.0000024,z,0,0
-3.0,3665193114.5445023,4006634500.0000024,r,0,0.013089969389957472
-3.0,3707835725.528002,4006634500.0000024,r,0,0.008726646259971648
-3.0,3178126591.552002,4006634500.0000024,i,0,0
-3.0,3708512846.758502,4006634500.0000024,r,0,0
-3.0,3660857936.0155025,4006634500.0000024,r,0,0.02181661564992912
-3.0,1967686249.391501,4006634500.0000024,y,0,0.026179938779914945
-3.0,3748887702.615002,4006634500.0000024,g,0,0
-3.0,2306779747.030001,4006634500.0000024,y,0,0
-2.9,2637695703.6540017,4006634500.0000024,z,0,0.026179938779914945
-2.9,3488476493.287502,4006634500.0000024,i,0,0.026179938779914945
-2.9,3515929952.8815017,4006634500.0000024,r,0,0.017453292519943295
-2.9,3652448010.200002,4006634500.0000024,g,0,0.026179938779914945
-2.9,3571249555.4230022,4006634500.0000024,r,0,0.026179938779914945
-2.9,3392333291.8255014,4006634500.0000024,z,0,0
-2.9,3549233098.845502,4006634500.0000024,r,0,0.013089969389957472
-2.9,3630595825.6370015,4006634500.0000024,r,0,0.008726646259971648
-2.9,3178126591.552002,4006634500.0000024,i,0,0
-2.9,3660857936.0155025,4006634500.0000024,r,0,0.02181661564992912
-2.9,3634582426.964502,4006634500.0000024,r,0,0
-2.9,1967686249.391501,4006634500.0000024,y,0,0.026179938779914945
-2.9,3747946143.507501,4006634500.0000024,g,0,0
-3.0,3646978954.107502,4006634500.0000024,u,0,0.026179938779914945
-2.8,2637695703.6540017,4006634500.0000024,z,0,0.026179938779914945
-2.8,3484846482.4305015,4006634500.0000024,i,0,0.026179938779914945
-3.0,3745169545.7990017,4006634500.0000024,u,0,0
-2.8,3401372259.2575016,4006634500.0000024,r,0,0.017453292519943295
-2.8,3651686749.645002,4006634500.0000024,g,0,0.026179938779914945
-2.8,3526034685.0905023,4006634500.0000024,r,0,0.026179938779914945
-2.8,3392333291.8255014,4006634500.0000024,z,0,0
-2.8,3435516798.4665017,4006634500.0000024,r,0,0.013089969389957472
-2.8,3443021224.8850017,4006634500.0000024,r,0,0.008726646259971648
-2.9,2306779747.030001,4006634500.0000024,y,0,0
-2.8,3629353768.942002,4006634500.0000024,r,0,0.02181661564992912
-2.8,3178126591.552002,4006634500.0000024,i,0,0
-2.8,3566181162.780502,4006634500.0000024,r,0,0
-2.6999999999999997,2637695703.6540017,4006634500.0000024,z,0,0.026179938779914945
-2.6999999999999997,3336681138.620502,4006634500.0000024,i,0,0.026179938779914945
-2.8,1967686249.391501,4006634500.0000024,y,0,0.026179938779914945
-2.8,3747946143.507501,4006634500.0000024,g,0,0
-2.6999999999999997,3401372259.2575016,4006634500.0000024,r,0,0.017453292519943295
-2.6999999999999997,3630139069.304002,4006634500.0000024,g,0,0.026179938779914945
-2.6999999999999997,3526034685.0905023,4006634500.0000024,r,0,0.026179938779914945
-2.6999999999999997,3170810476.9550014,4006634500.0000024,z,0,0
-2.6999999999999997,3435516798.4665017,4006634500.0000024,r,0,0.013089969389957472
-2.6999999999999997,3443021224.8850017,4006634500.0000024,r,0,0.008726646259971648
-2.5999999999999996,2637695703.6540017,4006634500.0000024,z,0,0.026179938779914945
-2.6999999999999997,3566181162.780502,4006634500.0000024,r,0,0
-2.6999999999999997,3178126591.552002,4006634500.0000024,i,0,0
-2.6999999999999997,3544148679.665002,4006634500.0000024,r,0,0.02181661564992912
-2.5999999999999996,3323451231.5015016,4006634500.0000024,i,0,0.026179938779914945
-2.8,2306779747.030001,4006634500.0000024,y,0,0
-2.5999999999999996,3401372259.2575016,4006634500.0000024,r,0,0.017453292519943295
-2.6999999999999997,1967686249.391501,4006634500.0000024,y,0,0.026179938779914945
-2.6999999999999997,3745802594.050002,4006634500.0000024,g,0,0
-2.9,3646978954.107502,4006634500.0000024,u,0,0.026179938779914945
-2.5999999999999996,3630139069.304002,4006634500.0000024,g,0,0.026179938779914945
-2.5999999999999996,3526034685.0905023,4006634500.0000024,r,0,0.026179938779914945
-2.5999999999999996,3037149150.0350013,4006634500.0000024,z,0,0
-2.4999999999999996,2637695703.6540017,4006634500.0000024,z,0,0.026179938779914945
-2.5999999999999996,3435516798.4665017,4006634500.0000024,r,0,0.013089969389957472
-2.5999999999999996,3443021224.8850017,4006634500.0000024,r,0,0.008726646259971648
-2.4999999999999996,3323451231.5015016,4006634500.0000024,i,0,0.026179938779914945
-2.5999999999999996,3355215829.8175015,4006634500.0000024,r,0,0
-2.5999999999999996,3177241125.3275013,4006634500.0000024,i,0,0
-2.5999999999999996,3544148679.665002,4006634500.0000024,r,0,0.02181661564992912
-2.4999999999999996,3401372259.2575016,4006634500.0000024,r,0,0.017453292519943295
-2.9,3726049885.9650016,4006634500.0000024,u,0,0
-2.3999999999999995,2637695703.6540017,4006634500.0000024,z,0,0.026179938779914945
-2.4999999999999996,3606087242.400502,4006634500.0000024,g,0,0.026179938779914945
-2.4999999999999996,3493204321.997502,4006634500.0000024,r,0,0.026179938779914945
-2.5999999999999996,1967686249.391501,4006634500.0000024,y,0,0.026179938779914945
-2.4999999999999996,2935637058.3430014,4006634500.0000024,z,0,0
-2.5999999999999996,3743194274.990502,4006634500.0000024,g,0,0
-2.4999999999999996,3435516798.4665017,4006634500.0000024,r,0,0.013089969389957472
-2.3999999999999995,2951158760.396002,4006634500.0000024,i,0,0.026179938779914945
-2.6999999999999997,2306779747.030001,4006634500.0000024,y,0,0
-2.4999999999999996,3443021224.8850017,4006634500.0000024,r,0,0.008726646259971648
-2.4999999999999996,3355215829.8175015,4006634500.0000024,r,0,0
-2.4999999999999996,3177241125.3275013,4006634500.0000024,i,0,0
-2.4999999999999996,3516971677.851502,4006634500.0000024,r,0,0.02181661564992912
-2.2999999999999994,2637695703.6540017,4006634500.0000024,z,0,0.026179938779914945
-2.3999999999999995,3401372259.2575016,4006634500.0000024,r,0,0.017453292519943295
-2.3999999999999995,3549778001.1375017,4006634500.0000024,g,0,0.026179938779914945
-2.3999999999999995,3493204321.997502,4006634500.0000024,r,0,0.026179938779914945
-2.2999999999999994,2843716849.644001,4006634500.0000024,i,0,0.026179938779914945
-2.3999999999999995,2935637058.3430014,4006634500.0000024,z,0,0
-2.3999999999999995,3435516798.4665017,4006634500.0000024,r,0,0.013089969389957472
-2.3999999999999995,3443021224.8850017,4006634500.0000024,r,0,0.008726646259971648
-2.4999999999999996,1967686249.391501,4006634500.0000024,y,0,0.026179938779914945
-2.4999999999999996,3725044220.7055025,4006634500.0000024,g,0,0
-2.8,3646978954.107502,4006634500.0000024,u,0,0.026179938779914945
-2.1999999999999993,2637695703.6540017,4006634500.0000024,z,0,0.026179938779914945
-2.3999999999999995,3355215829.8175015,4006634500.0000024,r,0,0
-2.3999999999999995,3177241125.3275013,4006634500.0000024,i,0,0
-2.3999999999999995,3516971677.851502,4006634500.0000024,r,0,0.02181661564992912
-2.2999999999999994,3401372259.2575016,4006634500.0000024,r,0,0.017453292519943295
-2.5999999999999996,2306779747.030001,4006634500.0000024,y,0,0
-2.1999999999999993,2450645972.021501,4006634500.0000024,i,0,0.026179938779914945
-2.2999999999999994,3549778001.1375017,4006634500.0000024,g,0,0.026179938779914945
-2.2999999999999994,3493204321.997502,4006634500.0000024,r,0,0.026179938779914945
-2.2999999999999994,2935637058.3430014,4006634500.0000024,z,0,0
-2.2999999999999994,3435516798.4665017,4006634500.0000024,r,0,0.013089969389957472
-2.2999999999999994,3443021224.8850017,4006634500.0000024,r,0,0.008726646259971648
-2.099999999999999,1921397601.013001,4006634500.0000024,z,0,0.026179938779914945
-2.3999999999999995,1967686249.391501,4006634500.0000024,y,0,0.026179938779914945
-2.3999999999999995,3703019750.8590016,4006634500.0000024,g,0,0
-2.2999999999999994,3177241125.3275013,4006634500.0000024,i,0,0
-2.2999999999999994,3355215829.8175015,4006634500.0000024,r,0,0
-2.1999999999999993,3401372259.2575016,4006634500.0000024,r,0,0.017453292519943295
-2.8,3726049885.9650016,4006634500.0000024,u,0,0
-2.2999999999999994,3516971677.851502,4006634500.0000024,r,0,0.02181661564992912
-2.099999999999999,2450645972.021501,4006634500.0000024,i,0,0.026179938779914945
-2.1999999999999993,3397762281.5730023,4006634500.0000024,g,0,0.026179938779914945
-2.1999999999999993,3493204321.997502,4006634500.0000024,r,0,0.026179938779914945
-2.1999999999999993,2935637058.3430014,4006634500.0000024,z,0,0
-2.1999999999999993,3435516798.4665017,4006634500.0000024,r,0,0.013089969389957472
-1.9999999999999991,1657160055.7380006,4006634500.0000024,z,0,0.026179938779914945
-2.4999999999999996,2306779747.030001,4006634500.0000024,y,0,0
-2.1999999999999993,3443021224.8850017,4006634500.0000024,r,0,0.008726646259971648
-2.099999999999999,3234355700.1250014,4006634500.0000024,r,0,0.017453292519943295
-2.2999999999999994,1921329488.2265007,4006634500.0000024,y,0,0.026179938779914945
-1.9999999999999991,2450645972.021501,4006634500.0000024,i,0,0.026179938779914945
-2.1999999999999993,3355215829.8175015,4006634500.0000024,r,0,0
-2.1999999999999993,2963150617.4545016,4006634500.0000024,i,0,0
-2.1999999999999993,3516971677.851502,4006634500.0000024,r,0,0.02181661564992912
-2.2999999999999994,3673583007.1875024,4006634500.0000024,g,0,0
-2.6999999999999997,3646978954.107502,4006634500.0000024,u,0,0.026179938779914945
-2.099999999999999,3397762281.5730023,4006634500.0000024,g,0,0.026179938779914945
-2.099999999999999,3493204321.997502,4006634500.0000024,r,0,0.026179938779914945
-1.899999999999999,1657160055.7380006,4006634500.0000024,z,0,0.026179938779914945
-2.099999999999999,2935637058.3430014,4006634500.0000024,z,0,0
-2.099999999999999,3305481475.7690015,4006634500.0000024,r,0,0.013089969389957472
-2.099999999999999,3443021224.8850017,4006634500.0000024,r,0,0.008726646259971648
-1.899999999999999,2450645972.021501,4006634500.0000024,i,0,0.026179938779914945
-1.9999999999999991,3234355700.1250014,4006634500.0000024,r,0,0.017453292519943295
-2.099999999999999,3325170077.7020016,4006634500.0000024,r,0,0
-2.099999999999999,2963150617.4545016,4006634500.0000024,i,0,0
-2.3999999999999995,2225705497.922501,4006634500.0000024,y,0,0
-2.099999999999999,3512644512.5915017,4006634500.0000024,r,0,0.02181661564992912
-2.1999999999999993,1921329488.2265007,4006634500.0000024,y,0,0.026179938779914945
-1.799999999999999,1657160055.7380006,4006634500.0000024,z,0,0.026179938779914945
-1.9999999999999991,3397762281.5730023,4006634500.0000024,g,0,0.026179938779914945
-1.9999999999999991,3490335571.695502,4006634500.0000024,r,0,0.026179938779914945
-2.1999999999999993,3673583007.1875024,4006634500.0000024,g,0,0
-1.9999999999999991,2935637058.3430014,4006634500.0000024,z,0,0
-1.9999999999999991,3305481475.7690015,4006634500.0000024,r,0,0.013089969389957472
-1.9999999999999991,3353504996.8860016,4006634500.0000024,r,0,0.008726646259971648
-1.799999999999999,2450645972.021501,4006634500.0000024,i,0,0.026179938779914945
-2.6999999999999997,3726049885.9650016,4006634500.0000024,u,0,0
-1.899999999999999,3213665439.5670013,4006634500.0000024,r,0,0.017453292519943295
-1.6999999999999988,366438778.1010002,4006634500.0000024,z,0,0.026179938779914945
-1.9999999999999991,3325170077.7020016,4006634500.0000024,r,0,0
-1.9999999999999991,2885662306.2245016,4006634500.0000024,i,0,0
-1.899999999999999,3397762281.5730023,4006634500.0000024,g,0,0.026179938779914945
-1.899999999999999,3368345571.0740023,4006634500.0000024,r,0,0.026179938779914945
-1.9999999999999991,3512644512.5915017,4006634500.0000024,r,0,0.02181661564992912
-2.099999999999999,1921329488.2265007,4006634500.0000024,y,0,0.026179938779914945
-1.899999999999999,2648064873.7400017,4006634500.0000024,z,0,0
-2.5999999999999996,3646978954.107502,4006634500.0000024,u,0,0.026179938779914945
-2.099999999999999,3579755640.4665017,4006634500.0000024,g,0,0
-1.899999999999999,3305481475.7690015,4006634500.0000024,r,0,0.013089969389957472
-1.6999999999999988,2407638757.298501,4006634500.0000024,i,0,0.026179938779914945
-2.2999999999999994,2143549457.5000012,4006634500.0000024,y,0,0
-1.899999999999999,3353504996.8860016,4006634500.0000024,r,0,0.008726646259971648
-1.799999999999999,3213665439.5670013,4006634500.0000024,r,0,0.017453292519943295
-1.5999999999999988,366438778.1010002,4006634500.0000024,z,0,0.026179938779914945
-1.799999999999999,3397762281.5730023,4006634500.0000024,g,0,0.026179938779914945
-1.799999999999999,3350712372.639501,4006634500.0000024,r,0,0.026179938779914945
-1.899999999999999,3120755592.146501,4006634500.0000024,r,0,0
-1.899999999999999,2885662306.2245016,4006634500.0000024,i,0,0
-1.899999999999999,3512644512.5915017,4006634500.0000024,r,0,0.02181661564992912
-1.799999999999999,1934655554.573501,4006634500.0000024,z,0,0
-1.5999999999999988,392057199.09400016,4006634500.0000024,i,0,0.026179938779914945
-1.799999999999999,3099227944.978001,4006634500.0000024,r,0,0.013089969389957472
-1.9999999999999991,1921329488.2265007,4006634500.0000024,y,0,0.026179938779914945
-1.799999999999999,3353504996.8860016,4006634500.0000024,r,0,0.008726646259971648
-1.4999999999999987,366438778.1010002,4006634500.0000024,z,0,0.026179938779914945
-1.6999999999999988,2890574440.1215014,4006634500.0000024,r,0,0.017453292519943295
-1.9999999999999991,3579755640.4665017,4006634500.0000024,g,0,0
-1.6999999999999988,3397762281.5730023,4006634500.0000024,g,0,0.026179938779914945
-2.1999999999999993,2143549457.5000012,4006634500.0000024,y,0,0
-1.6999999999999988,3233229835.830502,4006634500.0000024,r,0,0.026179938779914945
-1.799999999999999,3120755592.146501,4006634500.0000024,r,0,0
-1.799999999999999,2199357869.4505014,4006634500.0000024,i,0,0
-1.4999999999999987,392057199.09400016,4006634500.0000024,i,0,0.026179938779914945
-1.799999999999999,3390241828.616502,4006634500.0000024,r,0,0.02181661564992912
-1.6999999999999988,1934655554.573501,4006634500.0000024,z,0,0
-1.3999999999999986,366438778.1010002,4006634500.0000024,z,0,0.026179938779914945
-1.6999999999999988,3073637570.4265018,4006634500.0000024,r,0,0.013089969389957472
-1.5999999999999988,2032345316.9525008,4006634500.0000024,r,0,0.017453292519943295
-2.5999999999999996,3726049885.9650016,4006634500.0000024,u,0,0
-1.6999999999999988,3353504996.8860016,4006634500.0000024,r,0,0.008726646259971648
-1.899999999999999,1921329488.2265007,4006634500.0000024,y,0,0.026179938779914945
-2.4999999999999996,3646978954.107502,4006634500.0000024,u,0,0.026179938779914945
-1.899999999999999,3515401077.1275015,4006634500.0000024,g,0,0
-1.5999999999999988,3397762281.5730023,4006634500.0000024,g,0,0.026179938779914945
-1.5999999999999988,2970038022.1600013,4006634500.0000024,r,0,0.026179938779914945
-1.3999999999999986,392057199.09400016,4006634500.0000024,i,0,0.026179938779914945
-1.2999999999999985,366438778.1010002,4006634500.0000024,z,0,0.026179938779914945
-1.6999999999999988,2886387507.069001,4006634500.0000024,r,0,0
-1.6999999999999988,2199357869.4505014,4006634500.0000024,i,0,0
-1.5999999999999988,459945614.0620003,4006634500.0000024,z,0,0
-1.6999999999999988,2940072402.7345014,4006634500.0000024,r,0,0.02181661564992912
-1.5999999999999988,3016142365.3515015,4006634500.0000024,r,0,0.013089969389957472
-1.4999999999999987,1979105157.7165012,4006634500.0000024,r,0,0.017453292519943295
-2.099999999999999,2143549457.5000012,4006634500.0000024,y,0,0
-1.5999999999999988,3353504996.8860016,4006634500.0000024,r,0,0.008726646259971648
-1.799999999999999,1921329488.2265007,4006634500.0000024,y,0,0.026179938779914945
-1.2999999999999985,392057199.09400016,4006634500.0000024,i,0,0.026179938779914945
-1.4999999999999987,3348588856.354502,4006634500.0000024,g,0,0.026179938779914945
-1.799999999999999,3515401077.1275015,4006634500.0000024,g,0,0
-1.4999999999999987,2970038022.1600013,4006634500.0000024,r,0,0.026179938779914945
-1.1999999999999984,366438778.1010002,4006634500.0000024,z,0,0.026179938779914945
-1.5999999999999988,2886387507.069001,4006634500.0000024,r,0,0
-1.5999999999999988,2199357869.4505014,4006634500.0000024,i,0,0
-1.4999999999999987,459945614.0620003,4006634500.0000024,z,0,0
-1.3999999999999986,1979105157.7165012,4006634500.0000024,r,0,0.017453292519943295
-1.5999999999999988,2924474574.6260014,4006634500.0000024,r,0,0.02181661564992912
-1.4999999999999987,3016142365.3515015,4006634500.0000024,r,0,0.013089969389957472
-1.4999999999999987,3321908677.219002,4006634500.0000024,r,0,0.008726646259971648
-1.1999999999999984,392057199.09400016,4006634500.0000024,i,0,0.026179938779914945
-1.0999999999999983,366438778.1010002,4006634500.0000024,z,0,0.026179938779914945
-1.3999999999999986,3348588856.354502,4006634500.0000024,g,0,0.026179938779914945
-1.6999999999999988,1921329488.2265007,4006634500.0000024,y,0,0.026179938779914945
-1.3999999999999986,2720564925.017501,4006634500.0000024,r,0,0.026179938779914945
-1.9999999999999991,1850343944.7900007,4006634500.0000024,y,0,0
-2.3999999999999995,3646978954.107502,4006634500.0000024,u,0,0.026179938779914945
-1.6999999999999988,3430191981.2160015,4006634500.0000024,g,0,0
-1.3999999999999986,459945614.0620003,4006634500.0000024,z,0,0
-1.4999999999999987,2199357869.4505014,4006634500.0000024,i,0,0
-1.4999999999999987,2886387507.069001,4006634500.0000024,r,0,0
-1.2999999999999985,1979105157.7165012,4006634500.0000024,r,0,0.017453292519943295
-2.4999999999999996,3710900800.9205017,4006634500.0000024,u,0,0
-1.3999999999999986,3016142365.3515015,4006634500.0000024,r,0,0.013089969389957472
-1.4999999999999987,2880000931.6760015,4006634500.0000024,r,0,0.02181661564992912
-1.3999999999999986,3232917318.3395014,4006634500.0000024,r,0,0.008726646259971648
-1.0999999999999983,392057199.09400016,4006634500.0000024,i,0,0.026179938779914945
-0.9999999999999982,366438778.1010002,4006634500.0000024,z,0,0.026179938779914945
-1.2999999999999985,3162468663.9260015,4006634500.0000024,g,0,0.026179938779914945
-1.2999999999999985,2697330451.5520015,4006634500.0000024,r,0,0.026179938779914945
-1.5999999999999988,1921329488.2265007,4006634500.0000024,y,0,0.026179938779914945
-1.1999999999999984,1943790681.233501,4006634500.0000024,r,0,0.017453292519943295
-1.2999999999999985,459945614.0620003,4006634500.0000024,z,0,0
-1.3999999999999986,1778456908.5910008,4006634500.0000024,i,0,0
-1.5999999999999988,3394204390.137002,4006634500.0000024,g,0,0
-1.3999999999999986,2886387507.069001,4006634500.0000024,r,0,0
-1.2999999999999985,3016142365.3515015,4006634500.0000024,r,0,0.013089969389957472
-0.8999999999999981,348416936.1200002,4006634500.0000024,z,0,0.026179938779914945
-0.9999999999999982,392057199.09400016,4006634500.0000024,i,0,0.026179938779914945
-1.3999999999999986,2880000931.6760015,4006634500.0000024,r,0,0.02181661564992912
-1.2999999999999985,3124237357.5270014,4006634500.0000024,r,0,0.008726646259971648
-1.899999999999999,1850343944.7900007,4006634500.0000024,y,0,0
-1.1999999999999984,3162468663.9260015,4006634500.0000024,g,0,0.026179938779914945
-1.1999999999999984,2697330451.5520015,4006634500.0000024,r,0,0.026179938779914945
-1.0999999999999983,1870317017.7725008,4006634500.0000024,r,0,0.017453292519943295
-0.799999999999998,348416936.1200002,4006634500.0000024,z,0,0.026179938779914945
-1.1999999999999984,459945614.0620003,4006634500.0000024,z,0,0
-1.4999999999999987,1921329488.2265007,4006634500.0000024,y,0,0.026179938779914945
-0.8999999999999981,392057199.09400016,4006634500.0000024,i,0,0.026179938779914945
-1.2999999999999985,1778456908.5910008,4006634500.0000024,i,0,0
-1.2999999999999985,2886387507.069001,4006634500.0000024,r,0,0
-1.1999999999999984,2277334990.0895014,4006634500.0000024,r,0,0.013089969389957472
-2.2999999999999994,3646978954.107502,4006634500.0000024,u,0,0.026179938779914945
-1.4999999999999987,3394204390.137002,4006634500.0000024,g,0,0
-1.1999999999999984,3124237357.5270014,4006634500.0000024,r,0,0.008726646259971648
-1.2999999999999985,2880000931.6760015,4006634500.0000024,r,0,0.02181661564992912
-1.0999999999999983,3150649092.1510015,4006634500.0000024,g,0,0.026179938779914945
-1.0999999999999983,2697330451.5520015,4006634500.0000024,r,0,0.026179938779914945
-0.699999999999998,348416936.1200002,4006634500.0000024,z,0,0.026179938779914945
-1.799999999999999,1850343944.7900007,4006634500.0000024,y,0,0
-0.9999999999999982,1768857012.3290007,4006634500.0000024,r,0,0.017453292519943295
-2.3999999999999995,3710900800.9205017,4006634500.0000024,u,0,0
-0.799999999999998,392057199.09400016,4006634500.0000024,i,0,0.026179938779914945
-1.0999999999999983,459945614.0620003,4006634500.0000024,z,0,0
-1.0999999999999983,2277334990.0895014,4006634500.0000024,r,0,0.013089969389957472
-1.1999999999999984,1778456908.5910008,4006634500.0000024,i,0,0
-1.1999999999999984,2312725592.628001,4006634500.0000024,r,0,0
-1.3999999999999986,1656783432.0950007,4006634500.0000024,y,0,0.026179938779914945
-1.0999999999999983,3024760636.1610017,4006634500.0000024,r,0,0.008726646259971648
-1.1999999999999984,2677918307.399502,4006634500.0000024,r,0,0.02181661564992912
-1.3999999999999986,3163366150.0540013,4006634500.0000024,g,0,0
-0.9999999999999982,2964480820.1085014,4006634500.0000024,g,0,0.026179938779914945
-0.9999999999999982,2646097616.2005014,4006634500.0000024,r,0,0.026179938779914945
-0.5999999999999979,89412055.50200003,4006634500.0000024,z,0,0.026179938779914945
-0.8999999999999981,1768857012.3290007,4006634500.0000024,r,0,0.017453292519943295
-0.699999999999998,392057199.09400016,4006634500.0000024,i,0,0.026179938779914945
-0.9999999999999982,459945614.0620003,4006634500.0000024,z,0,0
-0.9999999999999982,2132443066.666001,4006634500.0000024,r,0,0.013089969389957472
-1.0999999999999983,1778456908.5910008,4006634500.0000024,i,0,0
-1.0999999999999983,2288898137.256501,4006634500.0000024,r,0,0
-0.9999999999999982,2724535499.807001,4006634500.0000024,r,0,0.008726646259971648
-1.6999999999999988,1850343944.7900007,4006634500.0000024,y,0,0
-1.2999999999999985,1656783432.0950007,4006634500.0000024,y,0,0.026179938779914945
-0.4999999999999978,89412055.50200003,4006634500.0000024,z,0,0.026179938779914945
-1.0999999999999983,2606728425.6035013,4006634500.0000024,r,0,0.02181661564992912
-0.8999999999999981,2948870972.0965014,4006634500.0000024,g,0,0.026179938779914945
-0.8999999999999981,2211622177.655001,4006634500.0000024,r,0,0.026179938779914945
-0.5999999999999979,392057199.09400016,4006634500.0000024,i,0,0.026179938779914945
-2.1999999999999993,3634582426.964502,4006634500.0000024,u,0,0.026179938779914945
-1.2999999999999985,3155356887.688502,4006634500.0000024,g,0,0
-0.799999999999998,1768857012.3290007,4006634500.0000024,r,0,0.017453292519943295
-0.8999999999999981,369363621.2860002,4006634500.0000024,z,0,0
-0.8999999999999981,1866683000.2810009,4006634500.0000024,r,0,0.013089969389957472
-0.3999999999999977,89412055.50200003,4006634500.0000024,z,0,0.026179938779914945
-0.9999999999999982,1778456908.5910008,4006634500.0000024,i,0,0
-0.9999999999999982,2100317871.245001,4006634500.0000024,r,0,0
-0.8999999999999981,2349153913.5020013,4006634500.0000024,r,0,0.008726646259971648
-0.799999999999998,2268945097.4465013,4006634500.0000024,g,0,0.026179938779914945
-0.4999999999999978,392057199.09400016,4006634500.0000024,i,0,0.026179938779914945
-0.9999999999999982,2606728425.6035013,4006634500.0000024,r,0,0.02181661564992912
-0.799999999999998,1970022117.3050008,4006634500.0000024,r,0,0.026179938779914945
-1.1999999999999984,1656783432.0950007,4006634500.0000024,y,0,0.026179938779914945
-0.699999999999998,1454608655.2250009,4006634500.0000024,r,0,0.017453292519943295
-2.2999999999999994,3710900800.9205017,4006634500.0000024,u,0,0
-1.1999999999999984,3112834475.7400017,4006634500.0000024,g,0,0
-1.5999999999999988,1850343944.7900007,4006634500.0000024,y,0,0
-0.799999999999998,365561325.1455001,4006634500.0000024,z,0,0
-0.2999999999999976,89412055.50200003,4006634500.0000024,z,0,0.026179938779914945
-0.799999999999998,1866683000.2810009,4006634500.0000024,r,0,0.013089969389957472
-0.8999999999999981,1778456908.5910008,4006634500.0000024,i,0,0
-0.3999999999999977,392057199.09400016,4006634500.0000024,i,0,0.026179938779914945
-0.8999999999999981,2100317871.245001,4006634500.0000024,r,0,0
-0.799999999999998,2349153913.5020013,4006634500.0000024,r,0,0.008726646259971648
-0.699999999999998,2238310370.059501,4006634500.0000024,g,0,0.026179938779914945
-0.699999999999998,389156395.7160002,4006634500.0000024,r,0,0.026179938779914945
-0.8999999999999981,2606728425.6035013,4006634500.0000024,r,0,0.02181661564992912
-0.5999999999999979,1454608655.2250009,4006634500.0000024,r,0,0.017453292519943295
-1.0999999999999983,1656783432.0950007,4006634500.0000024,y,0,0.026179938779914945
-0.1999999999999975,89412055.50200003,4006634500.0000024,z,0,0.026179938779914945
-0.699999999999998,365561325.1455001,4006634500.0000024,z,0,0
-2.099999999999999,3574863539.742002,4006634500.0000024,u,0,0.026179938779914945
-1.0999999999999983,3099977185.6295013,4006634500.0000024,g,0,0
-0.699999999999998,1866683000.2810009,4006634500.0000024,r,0,0.013089969389957472
-0.2999999999999976,392057199.09400016,4006634500.0000024,i,0,0.026179938779914945
-0.699999999999998,2349153913.5020013,4006634500.0000024,r,0,0.008726646259971648
-0.799999999999998,1778456908.5910008,4006634500.0000024,i,0,0
-1.4999999999999987,1850343944.7900007,4006634500.0000024,y,0,0
-0.799999999999998,2100317871.245001,4006634500.0000024,r,0,0
-0.5999999999999979,2238310370.059501,4006634500.0000024,g,0,0.026179938779914945
-0.5999999999999979,389156395.7160002,4006634500.0000024,r,0,0.026179938779914945
-0.4999999999999978,1454608655.2250009,4006634500.0000024,r,0,0.017453292519943295
-0.799999999999998,2375761973.216501,4006634500.0000024,r,0,0.02181661564992912
-0.09999999999999742,89412055.50200003,4006634500.0000024,z,0,0.026179938779914945
-0.9999999999999982,366919574.24100024,4006634500.0000024,y,0,0.026179938779914945
-0.5999999999999979,365561325.1455001,4006634500.0000024,z,0,0
-0.1999999999999975,392057199.09400016,4006634500.0000024,i,0,0.026179938779914945
-0.5999999999999979,1866683000.2810009,4006634500.0000024,r,0,0.013089969389957472
-0.9999999999999982,3099977185.6295013,4006634500.0000024,g,0,0
-0.5999999999999979,2349153913.5020013,4006634500.0000024,r,0,0.008726646259971648
-0.4999999999999978,2238310370.059501,4006634500.0000024,g,0,0.026179938779914945
-0.699999999999998,1778456908.5910008,4006634500.0000024,i,0,0
-0.699999999999998,1624417838.6040008,4006634500.0000024,r,0,0
-0.3999999999999977,1454608655.2250009,4006634500.0000024,r,0,0.017453292519943295
-0.4999999999999978,389156395.7160002,4006634500.0000024,r,0,0.026179938779914945
-2.1999999999999993,3678314842.5320015,4006634500.0000024,u,0,0
2.6645352591003757e-15,89412055.50200003,4006634500.0000024,z,0,0.026179938779914945
-0.699999999999998,1350604436.8740008,4006634500.0000024,r,0,0.02181661564992912
-1.3999999999999986,1850343944.7900007,4006634500.0000024,y,0,0
-0.09999999999999742,392057199.09400016,4006634500.0000024,i,0,0.026179938779914945
-0.4999999999999978,365561325.1455001,4006634500.0000024,z,0,0
-0.4999999999999978,1583498080.4555008,4006634500.0000024,r,0,0.013089969389957472
-0.8999999999999981,366919574.24100024,4006634500.0000024,y,0,0.026179938779914945
0.10000000000000275,89412055.50200003,4006634500.0000024,z,0,0.026179938779914945
-0.4999999999999978,2349153913.5020013,4006634500.0000024,r,0,0.008726646259971648
-0.3999999999999977,1678006575.041501,4006634500.0000024,g,0,0.026179938779914945
-1.9999999999999991,3501385869.6465015,4006634500.0000024,u,0,0.026179938779914945
-0.2999999999999976,1454608655.2250009,4006634500.0000024,r,0,0.017453292519943295
-0.8999999999999981,3099977185.6295013,4006634500.0000024,g,0,0
-0.3999999999999977,389156395.7160002,4006634500.0000024,r,0,0.026179938779914945
-0.5999999999999979,1778456908.5910008,4006634500.0000024,i,0,0
-0.5999999999999979,1624417838.6040008,4006634500.0000024,r,0,0
-0.5999999999999979,440192905.9770002,4006634500.0000024,r,0,0.02181661564992912
2.6645352591003757e-15,392057199.09400016,4006634500.0000024,i,0,0.026179938779914945
-0.3999999999999977,365561325.1455001,4006634500.0000024,z,0,0
-0.3999999999999977,1583498080.4555008,4006634500.0000024,r,0,0.013089969389957472
0.20000000000000284,89412055.50200003,4006634500.0000024,z,0,0.026179938779914945
-0.2999999999999976,1678006575.041501,4006634500.0000024,g,0,0.026179938779914945
-0.799999999999998,366919574.24100024,4006634500.0000024,y,0,0.026179938779914945
-0.1999999999999975,1454608655.2250009,4006634500.0000024,r,0,0.017453292519943295
-0.3999999999999977,1207884109.3495007,4006634500.0000024,r,0,0.008726646259971648
-1.2999999999999985,1850343944.7900007,4006634500.0000024,y,0,0
-0.2999999999999976,389156395.7160002,4006634500.0000024,r,0,0.026179938779914945
-0.4999999999999978,1778456908.5910008,4006634500.0000024,i,0,0
-0.4999999999999978,1624417838.6040008,4006634500.0000024,r,0,0
-0.799999999999998,3099977185.6295013,4006634500.0000024,g,0,0
0.10000000000000275,392057199.09400016,4006634500.0000024,i,0,0.026179938779914945
-0.4999999999999978,440192905.9770002,4006634500.0000024,r,0,0.02181661564992912
0.30000000000000293,89412055.50200003,4006634500.0000024,z,0,0.026179938779914945
-0.2999999999999976,99588907.13200004,4006634500.0000024,z,0,0
-0.2999999999999976,1583498080.4555008,4006634500.0000024,r,0,0.013089969389957472
-0.09999999999999742,1448646783.0890007,4006634500.0000024,r,0,0.017453292519943295
-2.099999999999999,3670926608.514002,4006634500.0000024,u,0,0
-0.1999999999999975,1678006575.041501,4006634500.0000024,g,0,0.026179938779914945
-0.2999999999999976,642816425.9110004,4006634500.0000024,r,0,0.008726646259971648
-0.1999999999999975,389156395.7160002,4006634500.0000024,r,0,0.026179938779914945
0.20000000000000284,370309187.02800024,4006634500.0000024,i,0,0.026179938779914945
-0.699999999999998,366919574.24100024,4006634500.0000024,y,0,0.026179938779914945
-0.3999999999999977,1691380721.0025008,4006634500.0000024,i,0,0
-0.3999999999999977,1624417838.6040008,4006634500.0000024,r,0,0
-1.899999999999999,3479870242.381502,4006634500.0000024,u,0,0.026179938779914945
0.400000000000003,89412055.50200003,4006634500.0000024,z,0,0.026179938779914945
-0.699999999999998,3099977185.6295013,4006634500.0000024,g,0,0
-0.3999999999999977,439439658.6910002,4006634500.0000024,r,0,0.02181661564992912
-1.1999999999999984,1850343944.7900007,4006634500.0000024,y,0,0
-0.1999999999999975,99588907.13200004,4006634500.0000024,z,0,0
-0.1999999999999975,1583498080.4555008,4006634500.0000024,r,0,0.013089969389957472
2.6645352591003757e-15,1448646783.0890007,4006634500.0000024,r,0,0.017453292519943295
-0.09999999999999742,1678006575.041501,4006634500.0000024,g,0,0.026179938779914945
0.30000000000000293,351341779.3050001,4006634500.0000024,i,0,0.026179938779914945
-0.09999999999999742,389156395.7160002,4006634500.0000024,r,0,0.026179938779914945
-0.1999999999999975,642816425.9110004,4006634500.0000024,r,0,0.008726646259971648
0.5000000000000031,89412055.50200003,4006634500.0000024,z,0,0.026179938779914945
-0.2999999999999976,469513457.2480002,4006634500.0000024,r,0,0
-0.2999999999999976,1691380721.0025008,4006634500.0000024,i,0,0
-0.5999999999999979,366919574.24100024,4006634500.0000024,y,0,0.026179938779914945
-0.2999999999999976,439439658.6910002,4006634500.0000024,r,0,0.02181661564992912
-0.5999999999999979,3099977185.6295013,4006634500.0000024,g,0,0
-0.09999999999999742,99588907.13200004,4006634500.0000024,z,0,0
-0.09999999999999742,1575068121.4675007,4006634500.0000024,r,0,0.013089969389957472
0.10000000000000275,473640290.7830002,4006634500.0000024,r,0,0.017453292519943295
0.400000000000003,351341779.3050001,4006634500.0000024,i,0,0.026179938779914945
2.6645352591003757e-15,1678006575.041501,4006634500.0000024,g,0,0.026179938779914945
2.6645352591003757e-15,389156395.7160002,4006634500.0000024,r,0,0.026179938779914945
-0.09999999999999742,642816425.9110004,4006634500.0000024,r,0,0.008726646259971648
0.6000000000000032,89412055.50200003,4006634500.0000024,z,0,0.026179938779914945
-1.0999999999999983,1850343944.7900007,4006634500.0000024,y,0,0
-0.1999999999999975,469513457.2480002,4006634500.0000024,r,0,0
-0.1999999999999975,1676031304.2330008,4006634500.0000024,i,0,0
-0.4999999999999978,366919574.24100024,4006634500.0000024,y,0,0.026179938779914945
-0.1999999999999975,439439658.6910002,4006634500.0000024,r,0,0.02181661564992912
2.6645352591003757e-15,99588907.13200004,4006634500.0000024,z,0,0
0.5000000000000031,122210365.51900007,4006634500.0000024,i,0,0.026179938779914945
2.6645352591003757e-15,537618230.4790002,4006634500.0000024,r,0,0.013089969389957472
0.20000000000000284,473640290.7830002,4006634500.0000024,r,0,0.017453292519943295
-1.9999999999999991,3670926608.514002,4006634500.0000024,u,0,0
-1.799999999999999,3479870242.381502,4006634500.0000024,u,0,0.026179938779914945
-0.4999999999999978,2901356293.561002,4006634500.0000024,g,0,0
0.10000000000000275,383875651.4450002,4006634500.0000024,g,0,0.026179938779914945
0.7000000000000033,89412055.50200003,4006634500.0000024,z,0,0.026179938779914945
0.10000000000000275,389156395.7160002,4006634500.0000024,r,0,0.026179938779914945
2.6645352591003757e-15,642816425.9110004,4006634500.0000024,r,0,0.008726646259971648
-0.09999999999999742,379456333.59150016,4006634500.0000024,r,0,0
-0.09999999999999742,1676031304.2330008,4006634500.0000024,i,0,0
0.6000000000000032,110575098.93100005,4006634500.0000024,i,0,0.026179938779914945
-0.9999999999999982,376335165.3160002,4006634500.0000024,y,0,0
-0.09999999999999742,439439658.6910002,4006634500.0000024,r,0,0.02181661564992912
0.10000000000000275,99588907.13200004,4006634500.0000024,z,0,0
0.30000000000000293,473640290.7830002,4006634500.0000024,r,0,0.017453292519943295
0.10000000000000275,537618230.4790002,4006634500.0000024,r,0,0.013089969389957472
0.8000000000000034,89412055.50200003,4006634500.0000024,z,0,0.026179938779914945
-0.3999999999999977,366919574.24100024,4006634500.0000024,y,0,0.026179938779914945
0.20000000000000284,383875651.4450002,4006634500.0000024,g,0,0.026179938779914945
0.20000000000000284,389156395.7160002,4006634500.0000024,r,0,0.026179938779914945
-0.3999999999999977,2546652947.910501,4006634500.0000024,g,0,0
0.10000000000000275,642816425.9110004,4006634500.0000024,r,0,0.008726646259971648
0.7000000000000033,110575098.93100005,4006634500.0000024,i,0,0.026179938779914945
2.6645352591003757e-15,379456333.59150016,4006634500.0000024,r,0,0
2.6645352591003757e-15,355576791.9715002,4006634500.0000024,i,0,0
0.9000000000000035,89412055.50200003,4006634500.0000024,z,0,0.026179938779914945
0.400000000000003,390518651.4460002,4006634500.0000024,r,0,0.017453292519943295
0.20000000000000284,99588907.13200004,4006634500.0000024,z,0,0
2.6645352591003757e-15,396889200.30100024,4006634500.0000024,r,0,0.02181661564992912
0.20000000000000284,537618230.4790002,4006634500.0000024,r,0,0.013089969389957472
0.30000000000000293,383875651.4450002,4006634500.0000024,g,0,0.026179938779914945
0.30000000000000293,389156395.7160002,4006634500.0000024,r,0,0.026179938779914945
-0.2999999999999976,366919574.24100024,4006634500.0000024,y,0,0.026179938779914945
0.20000000000000284,572628202.7400002,4006634500.0000024,r,0,0.008726646259971648
-0.8999999999999981,376335165.3160002,4006634500.0000024,y,0,0
-1.6999999999999988,3479870242.381502,4006634500.0000024,u,0,0.026179938779914945
-0.2999999999999976,2546652947.910501,4006634500.0000024,g,0,0
0.8000000000000034,110575098.93100005,4006634500.0000024,i,0,0.026179938779914945
1.0000000000000036,89412055.50200003,4006634500.0000024,z,0,0.026179938779914945
0.10000000000000275,379456333.59150016,4006634500.0000024,r,0,0
0.10000000000000275,99424635.11750005,4006634500.0000024,i,0,0
0.5000000000000031,390518651.4460002,4006634500.0000024,r,0,0.017453292519943295
-1.899999999999999,3653133144.6995025,4006634500.0000024,u,0,0
0.30000000000000293,99588907.13200004,4006634500.0000024,z,0,0
0.30000000000000293,384660951.80700016,4006634500.0000024,r,0,0.013089969389957472
0.10000000000000275,396889200.30100024,4006634500.0000024,r,0,0.02181661564992912
0.400000000000003,383875651.4450002,4006634500.0000024,g,0,0.026179938779914945
0.400000000000003,389156395.7160002,4006634500.0000024,r,0,0.026179938779914945
0.30000000000000293,572628202.7400002,4006634500.0000024,r,0,0.008726646259971648
0.9000000000000035,89852785.29700004,4006634500.0000024,i,0,0.026179938779914945
-0.1999999999999975,366919574.24100024,4006634500.0000024,y,0,0.026179938779914945
1.1000000000000032,89412055.50200003,4006634500.0000024,z,0,0.026179938779914945
-0.1999999999999975,1938285565.4305007,4006634500.0000024,g,0,0
0.6000000000000032,390518651.4460002,4006634500.0000024,r,0,0.017453292519943295
0.20000000000000284,379456333.59150016,4006634500.0000024,r,0,0
0.20000000000000284,99424635.11750005,4006634500.0000024,i,0,0
0.400000000000003,99588907.13200004,4006634500.0000024,z,0,0
-0.799999999999998,376335165.3160002,4006634500.0000024,y,0,0
0.400000000000003,384660951.80700016,4006634500.0000024,r,0,0.013089969389957472
0.5000000000000031,383875651.4450002,4006634500.0000024,g,0,0.026179938779914945
0.20000000000000284,396889200.30100024,4006634500.0000024,r,0,0.02181661564992912
0.5000000000000031,389156395.7160002,4006634500.0000024,r,0,0.026179938779914945
1.0000000000000036,89852785.29700004,4006634500.0000024,i,0,0.026179938779914945
1.2000000000000037,89412055.50200003,4006634500.0000024,z,0,0.026179938779914945
0.400000000000003,572628202.7400002,4006634500.0000024,r,0,0.008726646259971648
-0.09999999999999742,366919574.24100024,4006634500.0000024,y,0,0.026179938779914945
0.7000000000000033,325474946.97300017,4006634500.0000024,r,0,0.017453292519943295
0.30000000000000293,99424635.11750005,4006634500.0000024,i,0,0
0.30000000000000293,379456333.59150016,4006634500.0000024,r,0,0
-1.5999999999999988,3479870242.381502,4006634500.0000024,u,0,0.026179938779914945
0.5000000000000031,99588907.13200004,4006634500.0000024,z,0,0
-0.09999999999999742,1938285565.4305007,4006634500.0000024,g,0,0
0.6000000000000032,383875651.4450002,4006634500.0000024,g,0,0.026179938779914945
0.5000000000000031,384660951.80700016,4006634500.0000024,r,0,0.013089969389957472
1.1000000000000032,89852785.29700004,4006634500.0000024,i,0,0.026179938779914945
0.30000000000000293,396889200.30100024,4006634500.0000024,r,0,0.02181661564992912
1.3000000000000043,89412055.50200003,4006634500.0000024,z,0,0.026179938779914945
0.6000000000000032,389156395.7160002,4006634500.0000024,r,0,0.026179938779914945
0.5000000000000031,572628202.7400002,4006634500.0000024,r,0,0.008726646259971648
-0.699999999999998,376335165.3160002,4006634500.0000024,y,0,0
0.8000000000000034,325474946.97300017,4006634500.0000024,r,0,0.017453292519943295
-1.799999999999999,3653133144.6995025,4006634500.0000024,u,0,0
2.6645352591003757e-15,366919574.24100024,4006634500.0000024,y,0,0.026179938779914945
0.6000000000000032,99588907.13200004,4006634500.0000024,z,0,0
0.400000000000003,99424635.11750005,4006634500.0000024,i,0,0
0.400000000000003,379456333.59150016,4006634500.0000024,r,0,0
0.7000000000000033,383875651.4450002,4006634500.0000024,g,0,0.026179938779914945
1.400000000000004,89412055.50200003,4006634500.0000024,z,0,0.026179938779914945
1.2000000000000037,89852785.29700004,4006634500.0000024,i,0,0.026179938779914945
0.6000000000000032,384660951.80700016,4006634500.0000024,r,0,0.013089969389957472
2.6645352591003757e-15,1938285565.4305007,4006634500.0000024,g,0,0
0.7000000000000033,389156395.7160002,4006634500.0000024,r,0,0.026179938779914945
0.400000000000003,396889200.30100024,4006634500.0000024,r,0,0.02181661564992912
0.6000000000000032,572628202.7400002,4006634500.0000024,r,0,0.008726646259971648
0.9000000000000035,325474946.97300017,4006634500.0000024,r,0,0.017453292519943295
1.5000000000000036,89412055.50200003,4006634500.0000024,z,0,0.026179938779914945
1.3000000000000043,89852785.29700004,4006634500.0000024,i,0,0.026179938779914945
0.7000000000000033,99588907.13200004,4006634500.0000024,z,0,0
0.8000000000000034,383875651.4450002,4006634500.0000024,g,0,0.026179938779914945
0.5000000000000031,99424635.11750005,4006634500.0000024,i,0,0
0.10000000000000275,366919574.24100024,4006634500.0000024,y,0,0.026179938779914945
0.5000000000000031,379456333.59150016,4006634500.0000024,r,0,0
0.7000000000000033,384660951.80700016,4006634500.0000024,r,0,0.013089969389957472
-0.5999999999999979,376335165.3160002,4006634500.0000024,y,0,0
0.8000000000000034,389156395.7160002,4006634500.0000024,r,0,0.026179938779914945
0.5000000000000031,396889200.30100024,4006634500.0000024,r,0,0.02181661564992912
-1.4999999999999987,3472714393.164502,4006634500.0000024,u,0,0.026179938779914945
0.10000000000000275,470094419.25050026,4006634500.0000024,g,0,0
0.7000000000000033,518594729.8730002,4006634500.0000024,r,0,0.008726646259971648
1.0000000000000036,325474946.97300017,4006634500.0000024,r,0,0.017453292519943295
1.600000000000004,89412055.50200003,4006634500.0000024,z,0,0.026179938779914945
1.400000000000004,89852785.29700004,4006634500.0000024,i,0,0.026179938779914945
0.9000000000000035,383875651.4450002,4006634500.0000024,g,0,0.026179938779914945
0.8000000000000034,99588907.13200004,4006634500.0000024,z,0,0
0.8000000000000034,384660951.80700016,4006634500.0000024,r,0,0.013089969389957472
0.6000000000000032,99424635.11750005,4006634500.0000024,i,0,0
0.6000000000000032,376827981.35950017,4006634500.0000024,r,0,0
0.9000000000000035,389156395.7160002,4006634500.0000024,r,0,0.026179938779914945
0.20000000000000284,366919574.24100024,4006634500.0000024,y,0,0.026179938779914945
0.6000000000000032,396889200.30100024,4006634500.0000024,r,0,0.02181661564992912
0.8000000000000034,518594729.8730002,4006634500.0000024,r,0,0.008726646259971648
1.7000000000000046,72600217.14000005,4006634500.0000024,z,0,0.026179938779914945
0.20000000000000284,470094419.25050026,4006634500.0000024,g,0,0
-1.6999999999999988,3637451177.2665014,4006634500.0000024,u,0,0
1.1000000000000032,261320715.35900015,4006634500.0000024,r,0,0.017453292519943295
-0.4999999999999978,376335165.3160002,4006634500.0000024,y,0,0
1.5000000000000036,89852785.29700004,4006634500.0000024,i,0,0.026179938779914945
1.0000000000000036,383875651.4450002,4006634500.0000024,g,0,0.026179938779914945
0.9000000000000035,99588907.13200004,4006634500.0000024,z,0,0
0.9000000000000035,384660951.80700016,4006634500.0000024,r,0,0.013089969389957472
1.0000000000000036,389156395.7160002,4006634500.0000024,r,0,0.026179938779914945
0.7000000000000033,99424635.11750005,4006634500.0000024,i,0,0
0.7000000000000033,376827981.35950017,4006634500.0000024,r,0,0
1.8000000000000043,72600217.14000005,4006634500.0000024,z,0,0.026179938779914945
0.7000000000000033,396889200.30100024,4006634500.0000024,r,0,0.02181661564992912
0.30000000000000293,366919574.24100024,4006634500.0000024,y,0,0.026179938779914945
1.600000000000004,89852785.29700004,4006634500.0000024,i,0,0.026179938779914945
0.9000000000000035,459424751.5770002,4006634500.0000024,r,0,0.008726646259971648
1.2000000000000037,261320715.35900015,4006634500.0000024,r,0,0.017453292519943295
-1.3999999999999986,3471055646.481501,4006634500.0000024,u,0,0.026179938779914945
0.30000000000000293,470094419.25050026,4006634500.0000024,g,0,0
1.1000000000000032,383875651.4450002,4006634500.0000024,g,0,0.026179938779914945
1.0000000000000036,99588907.13200004,4006634500.0000024,z,0,0
1.0000000000000036,384660951.80700016,4006634500.0000024,r,0,0.013089969389957472
1.1000000000000032,389156395.7160002,4006634500.0000024,r,0,0.026179938779914945
-0.3999999999999977,376335165.3160002,4006634500.0000024,y,0,0
1.900000000000004,72600217.14000005,4006634500.0000024,z,0,0.026179938779914945
0.8000000000000034,99424635.11750005,4006634500.0000024,i,0,0
0.8000000000000034,376827981.35950017,4006634500.0000024,r,0,0
1.7000000000000046,89852785.29700004,4006634500.0000024,i,0,0.026179938779914945
1.3000000000000043,261320715.35900015,4006634500.0000024,r,0,0.017453292519943295
0.8000000000000034,396889200.30100024,4006634500.0000024,r,0,0.02181661564992912
1.0000000000000036,459424751.5770002,4006634500.0000024,r,0,0.008726646259971648
0.400000000000003,366919574.24100024,4006634500.0000024,y,0,0.026179938779914945
1.2000000000000037,383875651.4450002,4006634500.0000024,g,0,0.026179938779914945
0.400000000000003,470094419.25050026,4006634500.0000024,g,0,0
1.1000000000000032,99588907.13200004,4006634500.0000024,z,0,0
2.0000000000000044,72600217.14000005,4006634500.0000024,z,0,0.026179938779914945
1.1000000000000032,384660951.80700016,4006634500.0000024,r,0,0.013089969389957472
1.2000000000000037,389156395.7160002,4006634500.0000024,r,0,0.026179938779914945
1.8000000000000043,89852785.29700004,4006634500.0000024,i,0,0.026179938779914945
0.9000000000000035,99424635.11750005,4006634500.0000024,i,0,0
0.9000000000000035,376827981.35950017,4006634500.0000024,r,0,0
-1.5999999999999988,3586542879.309501,4006634500.0000024,u,0,0
1.400000000000004,214859781.69700012,4006634500.0000024,r,0,0.017453292519943295
1.1000000000000032,242289201.48400012,4006634500.0000024,r,0,0.008726646259971648
0.9000000000000035,396889200.30100024,4006634500.0000024,r,0,0.02181661564992912
-0.2999999999999976,376335165.3160002,4006634500.0000024,y,0,0
0.5000000000000031,350067669.5340002,4006634500.0000024,y,0,0.026179938779914945
2.100000000000005,72600217.14000005,4006634500.0000024,z,0,0.026179938779914945
1.3000000000000043,383875651.4450002,4006634500.0000024,g,0,0.026179938779914945
1.2000000000000037,99588907.13200004,4006634500.0000024,z,0,0
1.900000000000004,89852785.29700004,4006634500.0000024,i,0,0.026179938779914945
1.2000000000000037,384660951.80700016,4006634500.0000024,r,0,0.013089969389957472
1.3000000000000043,389156395.7160002,4006634500.0000024,r,0,0.026179938779914945
-1.2999999999999985,3439559492.677002,4006634500.0000024,u,0,0.026179938779914945
0.5000000000000031,378037984.9785002,4006634500.0000024,g,0,0
1.0000000000000036,99424635.11750005,4006634500.0000024,i,0,0
1.5000000000000036,129045683.97600007,4006634500.0000024,r,0,0.017453292519943295
1.0000000000000036,376827981.35950017,4006634500.0000024,r,0,0
1.2000000000000037,190202952.98400012,4006634500.0000024,r,0,0.008726646259971648
1.0000000000000036,396889200.30100024,4006634500.0000024,r,0,0.02181661564992912
2.2000000000000046,16603493.36800001,4006634500.0000024,z,0,0.026179938779914945
1.400000000000004,383875651.4450002,4006634500.0000024,g,0,0.026179938779914945
2.0000000000000044,89852785.29700004,4006634500.0000024,i,0,0.026179938779914945
0.6000000000000032,332871194.26000017,4006634500.0000024,y,0,0.026179938779914945
1.3000000000000043,84584060.92950004,4006634500.0000024,z,0,0
1.400000000000004,389156395.7160002,4006634500.0000024,r,0,0.026179938779914945
1.3000000000000043,198664965.0480001,4006634500.0000024,r,0,0.013089969389957472
-0.1999999999999975,376335165.3160002,4006634500.0000024,y,0,0
1.600000000000004,129045683.97600007,4006634500.0000024,r,0,0.017453292519943295
0.6000000000000032,378037984.9785002,4006634500.0000024,g,0,0
1.1000000000000032,99424635.11750005,4006634500.0000024,i,0,0
1.1000000000000032,376827981.35950017,4006634500.0000024,r,0,0
2.3000000000000043,16603493.36800001,4006634500.0000024,z,0,0.026179938779914945
1.3000000000000043,190202952.98400012,4006634500.0000024,r,0,0.008726646259971648
1.1000000000000032,396889200.30100024,4006634500.0000024,r,0,0.02181661564992912
2.100000000000005,89852785.29700004,4006634500.0000024,i,0,0.026179938779914945
1.5000000000000036,383875651.4450002,4006634500.0000024,g,0,0.026179938779914945
1.400000000000004,84584060.92950004,4006634500.0000024,z,0,0
1.5000000000000036,389156395.7160002,4006634500.0000024,r,0,0.026179938779914945
1.400000000000004,198664965.0480001,4006634500.0000024,r,0,0.013089969389957472
0.7000000000000033,332871194.26000017,4006634500.0000024,y,0,0.026179938779914945
-1.4999999999999987,3586542879.309501,4006634500.0000024,u,0,0
1.7000000000000046,129045683.97600007,4006634500.0000024,r,0,0.017453292519943295
2.400000000000005,16603493.36800001,4006634500.0000024,z,0,0.026179938779914945
1.2000000000000037,99424635.11750005,4006634500.0000024,i,0,0
1.2000000000000037,188195629.09950012,4006634500.0000024,r,0,0
-1.1999999999999984,3338676442.6015015,4006634500.0000024,u,0,0.026179938779914945
1.400000000000004,190202952.98400012,4006634500.0000024,r,0,0.008726646259971648
0.7000000000000033,378037984.9785002,4006634500.0000024,g,0,0
2.2000000000000046,89852785.29700004,4006634500.0000024,i,0,0.026179938779914945
1.2000000000000037,396889200.30100024,4006634500.0000024,r,0,0.02181661564992912
-0.09999999999999742,376335165.3160002,4006634500.0000024,y,0,0
1.600000000000004,383875651.4450002,4006634500.0000024,g,0,0.026179938779914945
1.600000000000004,389156395.7160002,4006634500.0000024,r,0,0.026179938779914945
1.5000000000000036,84584060.92950004,4006634500.0000024,z,0,0
1.5000000000000036,198664965.0480001,4006634500.0000024,r,0,0.013089969389957472
2.5000000000000053,16603493.36800001,4006634500.0000024,z,0,0.026179938779914945
1.8000000000000043,129045683.97600007,4006634500.0000024,r,0,0.017453292519943295
0.8000000000000034,332871194.26000017,4006634500.0000024,y,0,0.026179938779914945
1.3000000000000043,99424635.11750005,4006634500.0000024,i,0,0
2.3000000000000043,89852785.29700004,4006634500.0000024,i,0,0.026179938779914945
1.3000000000000043,188195629.09950012,4006634500.0000024,r,0,0
1.5000000000000036,108034892.65800007,4006634500.0000024,r,0,0.008726646259971648
0.8000000000000034,378037984.9785002,4006634500.0000024,g,0,0
1.7000000000000046,383875651.4450002,4006634500.0000024,g,0,0.026179938779914945
1.3000000000000043,396889200.30100024,4006634500.0000024,r,0,0.02181661564992912
2.600000000000005,16603493.36800001,4006634500.0000024,z,0,0.026179938779914945
1.7000000000000046,369035077.2570002,4006634500.0000024,r,0,0.026179938779914945
1.600000000000004,84584060.92950004,4006634500.0000024,z,0,0
1.600000000000004,198664965.0480001,4006634500.0000024,r,0,0.013089969389957472
1.900000000000004,129045683.97600007,4006634500.0000024,r,0,0.017453292519943295
2.6645352591003757e-15,376335165.3160002,4006634500.0000024,y,0,0
2.400000000000005,89852785.29700004,4006634500.0000024,i,0,0.026179938779914945
1.400000000000004,99424635.11750005,4006634500.0000024,i,0,0
1.600000000000004,108034892.65800007,4006634500.0000024,r,0,0.008726646259971648
0.9000000000000035,332871194.26000017,4006634500.0000024,y,0,0.026179938779914945
1.400000000000004,99152183.97150005,4006634500.0000024,r,0,0
2.7000000000000046,16603493.36800001,4006634500.0000024,z,0,0.026179938779914945
1.8000000000000043,383875651.4450002,4006634500.0000024,g,0,0.026179938779914945
1.400000000000004,396889200.30100024,4006634500.0000024,r,0,0.02181661564992912
-1.0999999999999983,3338676442.6015015,4006634500.0000024,u,0,0.026179938779914945
0.9000000000000035,378037984.9785002,4006634500.0000024,g,0,0
1.8000000000000043,369035077.2570002,4006634500.0000024,r,0,0.026179938779914945
1.7000000000000046,84584060.92950004,4006634500.0000024,z,0,0
-1.3999999999999986,3586542879.309501,4006634500.0000024,u,0,0
2.0000000000000044,85589726.18900004,4006634500.0000024,r,0,0.017453292519943295
1.7000000000000046,198664965.0480001,4006634500.0000024,r,0,0.013089969389957472
2.5000000000000053,89852785.29700004,4006634500.0000024,i,0,0.026179938779914945
1.7000000000000046,108034892.65800007,4006634500.0000024,r,0,0.008726646259971648
2.800000000000005,16603493.36800001,4006634500.0000024,z,0,0.026179938779914945
1.5000000000000036,99424635.11750005,4006634500.0000024,i,0,0
1.5000000000000036,99152183.97150005,4006634500.0000024,r,0,0
1.900000000000004,383875651.4450002,4006634500.0000024,g,0,0.026179938779914945
1.0000000000000036,72648296.75400004,4006634500.0000024,y,0,0.026179938779914945
0.10000000000000275,376335165.3160002,4006634500.0000024,y,0,0
1.5000000000000036,396889200.30100024,4006634500.0000024,r,0,0.02181661564992912
1.900000000000004,369035077.2570002,4006634500.0000024,r,0,0.026179938779914945
2.100000000000005,85589726.18900004,4006634500.0000024,r,0,0.017453292519943295
1.8000000000000043,14387824.489500007,4006634500.0000024,z,0,0
1.8000000000000043,198664965.0480001,4006634500.0000024,r,0,0.013089969389957472
2.600000000000005,34577255.735000014,4006634500.0000024,i,0,0.026179938779914945
1.0000000000000036,378037984.9785002,4006634500.0000024,g,0,0
2.9000000000000057,16603493.36800001,4006634500.0000024,z,0,0.026179938779914945
1.8000000000000043,108034892.65800007,4006634500.0000024,r,0,0.008726646259971648
1.600000000000004,32269434.263000015,4006634500.0000024,i,0,0
1.600000000000004,99152183.97150005,4006634500.0000024,r,0,0
2.0000000000000044,366534937.3290002,4006634500.0000024,g,0,0.026179938779914945
2.2000000000000046,85589726.18900004,4006634500.0000024,r,0,0.017453292519943295
2.0000000000000044,366759308.8610002,4006634500.0000024,r,0,0.026179938779914945
1.1000000000000032,72648296.75400004,4006634500.0000024,y,0,0.026179938779914945
2.7000000000000046,18350386.01000001,4006634500.0000024,i,0,0.026179938779914945
1.600000000000004,379692725.0270002,4006634500.0000024,r,0,0.02181661564992912
1.900000000000004,14387824.489500007,4006634500.0000024,z,0,0
1.900000000000004,198664965.0480001,4006634500.0000024,r,0,0.013089969389957472
3.0000000000000053,16603493.36800001,4006634500.0000024,z,0,0.026179938779914945
-0.9999999999999982,3233053543.912502,4006634500.0000024,u,0,0.026179938779914945
0.20000000000000284,361278232.86500025,4006634500.0000024,y,0,0
1.1000000000000032,368786665.9180002,4006634500.0000024,g,0,0
1.900000000000004,74916051.88100004,4006634500.0000024,r,0,0.008726646259971648
2.100000000000005,366534937.3290002,4006634500.0000024,g,0,0.026179938779914945
1.7000000000000046,32269434.263000015,4006634500.0000024,i,0,0
1.7000000000000046,99152183.97150005,4006634500.0000024,r,0,0
2.800000000000005,18350386.01000001,4006634500.0000024,i,0,0.026179938779914945
2.3000000000000043,85589726.18900004,4006634500.0000024,r,0,0.017453292519943295
-1.2999999999999985,3506021545.763002,4006634500.0000024,u,0,0
2.100000000000005,366759308.8610002,4006634500.0000024,r,0,0.026179938779914945
3.100000000000005,16603493.36800001,4006634500.0000024,z,0,0.026179938779914945
2.0000000000000044,14387824.489500007,4006634500.0000024,z,0,0
1.7000000000000046,379692725.0270002,4006634500.0000024,r,0,0.02181661564992912
2.0000000000000044,177846492.1860001,4006634500.0000024,r,0,0.013089969389957472
1.2000000000000037,72648296.75400004,4006634500.0000024,y,0,0.026179938779914945
1.2000000000000037,368786665.9180002,4006634500.0000024,g,0,0
2.0000000000000044,74916051.88100004,4006634500.0000024,r,0,0.008726646259971648
2.2000000000000046,366534937.3290002,4006634500.0000024,g,0,0.026179938779914945
2.9000000000000057,18350386.01000001,4006634500.0000024,i,0,0.026179938779914945
1.8000000000000043,32269434.263000015,4006634500.0000024,i,0,0
2.400000000000005,85589726.18900004,4006634500.0000024,r,0,0.017453292519943295
1.8000000000000043,74030585.65650004,4006634500.0000024,r,0,0
0.30000000000000293,361278232.86500025,4006634500.0000024,y,0,0
3.2000000000000055,16603493.36800001,4006634500.0000024,z,0,0.026179938779914945
2.2000000000000046,366759308.8610002,4006634500.0000024,r,0,0.026179938779914945
2.100000000000005,14387824.489500007,4006634500.0000024,z,0,0
2.100000000000005,79467588.67300004,4006634500.0000024,r,0,0.013089969389957472
1.8000000000000043,379692725.0270002,4006634500.0000024,r,0,0.02181661564992912
1.3000000000000043,72648296.75400004,4006634500.0000024,y,0,0.026179938779914945
3.0000000000000053,18350386.01000001,4006634500.0000024,i,0,0.026179938779914945
2.100000000000005,74916051.88100004,4006634500.0000024,r,0,0.008726646259971648
2.3000000000000043,364419434.31300014,4006634500.0000024,g,0,0.026179938779914945
-0.8999999999999981,3220104101.2085013,4006634500.0000024,u,0,0.026179938779914945
3.300000000000006,16603493.36800001,4006634500.0000024,z,0,0.026179938779914945
2.5000000000000053,61846410.14200003,4006634500.0000024,r,0,0.017453292519943295
1.3000000000000043,368786665.9180002,4006634500.0000024,g,0,0
1.900000000000004,32269434.263000015,4006634500.0000024,i,0,0
2.3000000000000043,366759308.8610002,4006634500.0000024,r,0,0.026179938779914945
1.900000000000004,74030585.65650004,4006634500.0000024,r,0,0
2.2000000000000046,14387824.489500007,4006634500.0000024,z,0,0
2.2000000000000046,79467588.67300004,4006634500.0000024,r,0,0.013089969389957472
1.900000000000004,379692725.0270002,4006634500.0000024,r,0,0.02181661564992912
0.400000000000003,361278232.86500025,4006634500.0000024,y,0,0
3.100000000000005,18350386.01000001,4006634500.0000024,i,0,0.026179938779914945
1.400000000000004,72648296.75400004,4006634500.0000024,y,0,0.026179938779914945
3.4000000000000057,16603493.36800001,4006634500.0000024,z,0,0.026179938779914945
2.2000000000000046,52390752.722000025,4006634500.0000024,r,0,0.008726646259971648
2.400000000000005,364419434.31300014,4006634500.0000024,g,0,0.026179938779914945
2.600000000000005,33824008.449000016,4006634500.0000024,r,0,0.017453292519943295
-1.1999999999999984,3371835349.723501,4006634500.0000024,u,0,0
2.400000000000005,345339840.8240002,4006634500.0000024,r,0,0.026179938779914945
2.0000000000000044,32269434.263000015,4006634500.0000024,i,0,0
2.0000000000000044,74030585.65650004,4006634500.0000024,r,0,0
1.400000000000004,368786665.9180002,4006634500.0000024,g,0,0
2.3000000000000043,14387824.489500007,4006634500.0000024,z,0,0
2.3000000000000043,57703550.069000036,4006634500.0000024,r,0,0.013089969389957472
2.0000000000000044,379692725.0270002,4006634500.0000024,r,0,0.02181661564992912
3.2000000000000055,18350386.01000001,4006634500.0000024,i,0,0.026179938779914945
3.5000000000000053,16603493.36800001,4006634500.0000024,z,0,0.026179938779914945
2.5000000000000053,364419434.31300014,4006634500.0000024,g,0,0.026179938779914945
2.3000000000000043,52390752.722000025,4006634500.0000024,r,0,0.008726646259971648
2.7000000000000046,33824008.449000016,4006634500.0000024,r,0,0.017453292519943295
1.5000000000000036,72648296.75400004,4006634500.0000024,y,0,0.026179938779914945
2.5000000000000053,343512815.49200016,4006634500.0000024,r,0,0.026179938779914945
0.5000000000000031,311796296.79000014,4006634500.0000024,y,0,0
2.100000000000005,32269434.263000015,4006634500.0000024,i,0,0
2.100000000000005,74030585.65650004,4006634500.0000024,r,0,0
-0.799999999999998,2628628689.780502,4006634500.0000024,u,0,0.026179938779914945
2.400000000000005,57703550.069000036,4006634500.0000024,r,0,0.013089969389957472
2.400000000000005,14387824.489500007,4006634500.0000024,z,0,0
3.300000000000006,18350386.01000001,4006634500.0000024,i,0,0.026179938779914945
3.600000000000006,16603493.36800001,4006634500.0000024,z,0,0.026179938779914945
1.5000000000000036,368786665.9180002,4006634500.0000024,g,0,0
2.100000000000005,379692725.0270002,4006634500.0000024,r,0,0.02181661564992912
2.800000000000005,33824008.449000016,4006634500.0000024,r,0,0.017453292519943295
2.600000000000005,364419434.31300014,4006634500.0000024,g,0,0.026179938779914945
2.400000000000005,52390752.722000025,4006634500.0000024,r,0,0.008726646259971648
2.600000000000005,89780665.87600005,4006634500.0000024,r,0,0.026179938779914945
1.600000000000004,72648296.75400004,4006634500.0000024,y,0,0.026179938779914945
3.4000000000000057,18350386.01000001,4006634500.0000024,i,0,0.026179938779914945
3.7000000000000064,16603493.36800001,4006634500.0000024,z,0,0.026179938779914945
2.2000000000000046,32269434.263000015,4006634500.0000024,i,0,0
2.2000000000000046,46949743.07100002,4006634500.0000024,r,0,0
2.5000000000000053,57703550.069000036,4006634500.0000024,r,0,0.013089969389957472
2.5000000000000053,14387824.489500007,4006634500.0000024,z,0,0
2.2000000000000046,375453705.7260002,4006634500.0000024,r,0,0.02181661564992912
1.600000000000004,368786665.9180002,4006634500.0000024,g,0,0
0.6000000000000032,84632140.54350004,4006634500.0000024,y,0,0
2.9000000000000057,33824008.449000016,4006634500.0000024,r,0,0.017453292519943295
-1.0999999999999983,3371835349.723501,4006634500.0000024,u,0,0
2.7000000000000046,364419434.31300014,4006634500.0000024,g,0,0.026179938779914945
2.5000000000000053,52390752.722000025,4006634500.0000024,r,0,0.008726646259971648
2.7000000000000046,89780665.87600005,4006634500.0000024,r,0,0.026179938779914945
3.800000000000006,0.0,4006634500.0000024,z,0,0.026179938779914945
3.9000000000000057,0,4006634500.0000024,z,0,0.026179938779914945
4.000000000000006,0,4006634500.0000024,z,0,0.026179938779914945
4.100000000000007,0,4006634500.0000024,z,0,0.026179938779914945
4.200000000000006,0,4006634500.0000024,z,0,0.026179938779914945
4.300000000000006,0,4006634500.0000024,z,0,0.026179938779914945
4.400000000000007,0,4006634500.0000024,z,0,0.026179938779914945
4.500000000000007,0,4006634500.0000024,z,0,0.026179938779914945
4.600000000000007,0,4006634500.0000024,z,0,0.026179938779914945
4.700000000000006,0,4006634500.0000024,z,0,0.026179938779914945
4.800000000000007,0,4006634500.0000024,z,0,0.026179938779914945
4.9000000000000075,0,4006634500.0000024,z,0,0.026179938779914945
5.000000000000007,0,4006634500.0000024,z,0,0.026179938779914945
5.100000000000007,0,4006634500.0000024,z,0,0.026179938779914945
5.200000000000006,0,4006634500.0000024,z,0,0.026179938779914945
5.300000000000008,0,4006634500.0000024,z,0,0.026179938779914945
5.4000000000000075,0,4006634500.0000024,z,0,0.026179938779914945
5.500000000000007,0,4006634500.0000024,z,0,0.026179938779914945
5.6000000000000085,0,4006634500.0000024,z,0,0.026179938779914945
5.700000000000008,0,4006634500.0000024,z,0,0.026179938779914945
5.800000000000008,0,4006634500.0000024,z,0,0.026179938779914945
5.9000000000000075,0,4006634500.0000024,z,0,0.026179938779914945
6.000000000000007,0,4006634500.0000024,z,0,0.026179938779914945
6.1000000000000085,0,4006634500.0000024,z,0,0.026179938779914945
6.200000000000008,0,4006634500.0000024,z,0,0.026179938779914945
6.300000000000008,0,4006634500.0000024,z,0,0.026179938779914945
6.400000000000009,0,4006634500.0000024,z,0,0.026179938779914945
6.500000000000009,0,4006634500.0000024,z,0,0.026179938779914945
6.6000000000000085,0,4006634500.0000024,z,0,0.026179938779914945
6.700000000000008,0,4006634500.0000024,z,0,0.026179938779914945
6.800000000000008,0,4006634500.0000024,z,0,0.026179938779914945
6.900000000000009,0,4006634500.0000024,z,0,0.026179938779914945
7.000000000000009,0,4006634500.0000024,z,0,0.026179938779914945
7.1000000000000085,0,4006634500.0000024,z,0,0.026179938779914945
7.20000000000001,0,4006634500.0000024,z,0,0.026179938779914945
7.30000000000001,0,4006634500.0000024,z,0,0.026179938779914945
7.400000000000009,0,4006634500.0000024,z,0,0.026179938779914945
7.500000000000009,0,4006634500.0000024,z,0,0.026179938779914945
7.6000000000000085,0,4006634500.0000024,z,0,0.026179938779914945
7.70000000000001,0,4006634500.0000024,z,0,0.026179938779914945
7.80000000000001,0,4006634500.0000024,z,0,0.026179938779914945
7.900000000000009,0,4006634500.0000024,z,0,0.026179938779914945
8.00000000000001,0,4006634500.0000024,z,0,0.026179938779914945
8.10000000000001,0,4006634500.0000024,z,0,0.026179938779914945
8.20000000000001,0,4006634500.0000024,z,0,0.026179938779914945
8.30000000000001,0,4006634500.0000024,z,0,0.026179938779914945
8.40000000000001,0,4006634500.0000024,z,0,0.026179938779914945
8.50000000000001,0,4006634500.0000024,z,0,0.026179938779914945
8.60000000000001,0,4006634500.0000024,z,0,0.026179938779914945
8.70000000000001,0,4006634500.0000024,z,0,0.026179938779914945
8.800000000000011,0,4006634500.0000024,z,0,0.026179938779914945
8.900000000000011,0,4006634500.0000024,z,0,0.026179938779914945
9.00000000000001,0,4006634500.0000024,z,0,0.026179938779914945
9.10000000000001,0,4006634500.0000024,z,0,0.026179938779914945
9.20000000000001,0,4006634500.0000024,z,0,0.026179938779914945
9.300000000000011,0,4006634500.0000024,z,0,0.026179938779914945
9.400000000000011,0,4006634500.0000024,z,0,0.026179938779914945
9.50000000000001,0,4006634500.0000024,z,0,0.026179938779914945
9.600000000000012,0,4006634500.0000024,z,0,0.026179938779914945
9.700000000000012,0,4006634500.0000024,z,0,0.026179938779914945
9.800000000000011,0,4006634500.0000024,z,0,0.026179938779914945
9.900000000000011,0,4006634500.0000024,z,0,0.026179938779914945
10.00000000000001,0,4006634500.0000024,z,0,0.026179938779914945
10.100000000000012,0,4006634500.0000024,z,0,0.026179938779914945
10.200000000000012,0,4006634500.0000024,z,0,0.026179938779914945
10.300000000000011,0,4006634500.0000024,z,0,0.026179938779914945
10.400000000000013,0,4006634500.0000024,z,0,0.026179938779914945
10.500000000000012,0,4006634500.0000024,z,0,0.026179938779914945
10.600000000000012,0,4006634500.0000024,z,0,0.026179938779914945
10.700000000000012,0,4006634500.0000024,z,0,0.026179938779914945
10.800000000000011,0,4006634500.0000024,z,0,0.026179938779914945
10.900000000000013,0,4006634500.0000024,z,0,0.026179938779914945
11.000000000000012,0,4006634500.0000024,z,0,0.026179938779914945
11.100000000000012,0,4006634500.0000024,z,0,0.026179938779914945
11.200000000000014,0,4006634500.0000024,z,0,0.026179938779914945
11.300000000000013,0,4006634500.0000024,z,0,0.026179938779914945
11.400000000000013,0,4006634500.0000024,z,0,0.026179938779914945
11.500000000000012,0,4006634500.0000024,z,0,0.026179938779914945
11.600000000000012,0,4006634500.0000024,z,0,0.026179938779914945
11.700000000000014,0,4006634500.0000024,z,0,0.026179938779914945
11.800000000000013,0,4006634500.0000024,z,0,0.026179938779914945
11.900000000000013,0,4006634500.0000024,z,0,0.026179938779914945
12.000000000000014,0,4006634500.0000024,z,0,0.026179938779914945
12.100000000000014,0,4006634500.0000024,z,0,0.026179938779914945
3.5000000000000053,18350386.01000001,4006634500.0000024,i,0,0.026179938779914945
1.7000000000000046,72648296.75400004,4006634500.0000024,y,0,0.026179938779914945
2.600000000000005,57703550.069000036,4006634500.0000024,r,0,0.013089969389957472
2.3000000000000043,14379811.220500005,4006634500.0000024,i,0,0
2.600000000000005,14387824.489500007,4006634500.0000024,z,0,0
2.3000000000000043,46949743.07100002,4006634500.0000024,r,0,0
2.3000000000000043,309720860.11900014,4006634500.0000024,r,0,0.02181661564992912
3.0000000000000053,15577794.936000008,4006634500.0000024,r,0,0.017453292519943295
-0.699999999999998,2627354580.0095015,4006634500.0000024,u,0,0.026179938779914945
2.800000000000005,362600422.2500002,4006634500.0000024,g,0,0.026179938779914945
1.7000000000000046,368786665.9180002,4006634500.0000024,g,0,0
2.600000000000005,52390752.722000025,4006634500.0000024,r,0,0.008726646259971648
3.600000000000006,16635546.444000008,4006634500.0000024,i,0,0.026179938779914945
2.800000000000005,89780665.87600005,4006634500.0000024,r,0,0.026179938779914945
0.7000000000000033,84632140.54350004,4006634500.0000024,y,0,0
2.7000000000000046,32333540.415000018,4006634500.0000024,r,0,0.013089969389957472
2.7000000000000046,14387824.489500007,4006634500.0000024,z,0,0
2.400000000000005,14379811.220500005,4006634500.0000024,i,0,0
2.400000000000005,46949743.07100002,4006634500.0000024,r,0,0
1.8000000000000043,72648296.75400004,4006634500.0000024,y,0,0.026179938779914945
3.100000000000005,15577794.936000008,4006634500.0000024,r,0,0.017453292519943295
2.400000000000005,309720860.11900014,4006634500.0000024,r,0,0.02181661564992912
2.9000000000000057,288237285.9300001,4006634500.0000024,g,0,0.026179938779914945
3.7000000000000064,16635546.444000008,4006634500.0000024,i,0,0.026179938779914945
2.7000000000000046,52390752.722000025,4006634500.0000024,r,0,0.008726646259971648
2.9000000000000057,89780665.87600005,4006634500.0000024,r,0,0.026179938779914945
1.8000000000000043,368786665.9180002,4006634500.0000024,g,0,0
2.800000000000005,32333540.415000018,4006634500.0000024,r,0,0.013089969389957472
2.800000000000005,14387824.489500007,4006634500.0000024,z,0,0
2.5000000000000053,14379811.220500005,4006634500.0000024,i,0,0
2.5000000000000053,46949743.07100002,4006634500.0000024,r,0,0
3.2000000000000055,15577794.936000008,4006634500.0000024,r,0,0.017453292519943295
-0.9999999999999982,3371835349.723501,4006634500.0000024,u,0,0
1.900000000000004,72648296.75400004,4006634500.0000024,y,0,0.026179938779914945
3.800000000000006,16635546.444000008,4006634500.0000024,i,0,0.026179938779914945
3.0000000000000053,89628413.76500003,4006634500.0000024,g,0,0.026179938779914945
2.5000000000000053,309720860.11900014,4006634500.0000024,r,0,0.02181661564992912
0.8000000000000034,84632140.54350004,4006634500.0000024,y,0,0
2.800000000000005,31187642.948000014,4006634500.0000024,r,0,0.008726646259971648
3.0000000000000053,89780665.87600005,4006634500.0000024,r,0,0.026179938779914945
-0.5999999999999979,2627354580.0095015,4006634500.0000024,u,0,0.026179938779914945
2.9000000000000057,32333540.415000018,4006634500.0000024,r,0,0.013089969389957472
1.900000000000004,368786665.9180002,4006634500.0000024,g,0,0
2.9000000000000057,14387824.489500007,4006634500.0000024,z,0,0
2.600000000000005,14379811.220500005,4006634500.0000024,i,0,0
3.300000000000006,15577794.936000008,4006634500.0000024,r,0,0.017453292519943295
2.600000000000005,46949743.07100002,4006634500.0000024,r,0,0
3.9000000000000057,16635546.444000008,4006634500.0000024,i,0,0.026179938779914945
3.100000000000005,89628413.76500003,4006634500.0000024,g,0,0.026179938779914945
2.600000000000005,308006020.55300015,4006634500.0000024,r,0,0.02181661564992912
2.0000000000000044,72648296.75400004,4006634500.0000024,y,0,0.026179938779914945
2.9000000000000057,14784481.305000007,4006634500.0000024,r,0,0.008726646259971648
3.100000000000005,89780665.87600005,4006634500.0000024,r,0,0.026179938779914945
3.0000000000000053,15056932.451000009,4006634500.0000024,r,0,0.013089969389957472
0.9000000000000035,84632140.54350004,4006634500.0000024,y,0,0
3.0000000000000053,14387824.489500007,4006634500.0000024,z,0,0
2.0000000000000044,368786665.9180002,4006634500.0000024,g,0,0
4.000000000000006,16635546.444000008,4006634500.0000024,i,0,0.026179938779914945
3.4000000000000057,0.0,4006634500.0000024,r,0,0.017453292519943295
3.5000000000000053,0,4006634500.0000024,r,0,0.017453292519943295
3.600000000000006,0,4006634500.0000024,r,0,0.017453292519943295
3.7000000000000064,0,4006634500.0000024,r,0,0.017453292519943295
3.800000000000006,0,4006634500.0000024,r,0,0.017453292519943295
3.9000000000000057,0,4006634500.0000024,r,0,0.017453292519943295
4.000000000000006,0,4006634500.0000024,r,0,0.017453292519943295
4.100000000000007,0,4006634500.0000024,r,0,0.017453292519943295
4.200000000000006,0,4006634500.0000024,r,0,0.017453292519943295
4.300000000000006,0,4006634500.0000024,r,0,0.017453292519943295
4.400000000000007,0,4006634500.0000024,r,0,0.017453292519943295
4.500000000000007,0,4006634500.0000024,r,0,0.017453292519943295
4.600000000000007,0,4006634500.0000024,r,0,0.017453292519943295
4.700000000000006,0,4006634500.0000024,r,0,0.017453292519943295
4.800000000000007,0,4006634500.0000024,r,0,0.017453292519943295
4.9000000000000075,0,4006634500.0000024,r,0,0.017453292519943295
5.000000000000007,0,4006634500.0000024,r,0,0.017453292519943295
5.100000000000007,0,4006634500.0000024,r,0,0.017453292519943295
5.200000000000006,0,4006634500.0000024,r,0,0.017453292519943295
5.300000000000008,0,4006634500.0000024,r,0,0.017453292519943295
5.4000000000000075,0,4006634500.0000024,r,0,0.017453292519943295
5.500000000000007,0,4006634500.0000024,r,0,0.017453292519943295
5.6000000000000085,0,4006634500.0000024,r,0,0.017453292519943295
5.700000000000008,0,4006634500.0000024,r,0,0.017453292519943295
5.800000000000008,0,4006634500.0000024,r,0,0.017453292519943295
5.9000000000000075,0,4006634500.0000024,r,0,0.017453292519943295
6.000000000000007,0,4006634500.0000024,r,0,0.017453292519943295
6.1000000000000085,0,4006634500.0000024,r,0,0.017453292519943295
6.200000000000008,0,4006634500.0000024,r,0,0.017453292519943295
6.300000000000008,0,4006634500.0000024,r,0,0.017453292519943295
6.400000000000009,0,4006634500.0000024,r,0,0.017453292519943295
6.500000000000009,0,4006634500.0000024,r,0,0.017453292519943295
6.6000000000000085,0,4006634500.0000024,r,0,0.017453292519943295
6.700000000000008,0,4006634500.0000024,r,0,0.017453292519943295
6.800000000000008,0,4006634500.0000024,r,0,0.017453292519943295
6.900000000000009,0,4006634500.0000024,r,0,0.017453292519943295
7.000000000000009,0,4006634500.0000024,r,0,0.017453292519943295
7.1000000000000085,0,4006634500.0000024,r,0,0.017453292519943295
7.20000000000001,0,4006634500.0000024,r,0,0.017453292519943295
7.30000000000001,0,4006634500.0000024,r,0,0.017453292519943295
7.400000000000009,0,4006634500.0000024,r,0,0.017453292519943295
7.500000000000009,0,4006634500.0000024,r,0,0.017453292519943295
7.6000000000000085,0,4006634500.0000024,r,0,0.017453292519943295
7.70000000000001,0,4006634500.0000024,r,0,0.017453292519943295
7.80000000000001,0,4006634500.0000024,r,0,0.017453292519943295
7.900000000000009,0,4006634500.0000024,r,0,0.017453292519943295
8.00000000000001,0,4006634500.0000024,r,0,0.017453292519943295
8.10000000000001,0,4006634500.0000024,r,0,0.017453292519943295
8.20000000000001,0,4006634500.0000024,r,0,0.017453292519943295
8.30000000000001,0,4006634500.0000024,r,0,0.017453292519943295
8.40000000000001,0,4006634500.0000024,r,0,0.017453292519943295
8.50000000000001,0,4006634500.0000024,r,0,0.017453292519943295
8.60000000000001,0,4006634500.0000024,r,0,0.017453292519943295
8.70000000000001,0,4006634500.0000024,r,0,0.017453292519943295
8.800000000000011,0,4006634500.0000024,r,0,0.017453292519943295
8.900000000000011,0,4006634500.0000024,r,0,0.017453292519943295
9.00000000000001,0,4006634500.0000024,r,0,0.017453292519943295
9.10000000000001,0,4006634500.0000024,r,0,0.017453292519943295
9.20000000000001,0,4006634500.0000024,r,0,0.017453292519943295
9.300000000000011,0,4006634500.0000024,r,0,0.017453292519943295
9.400000000000011,0,4006634500.0000024,r,0,0.017453292519943295
9.50000000000001,0,4006634500.0000024,r,0,0.017453292519943295
9.600000000000012,0,4006634500.0000024,r,0,0.017453292519943295
9.700000000000012,0,4006634500.0000024,r,0,0.017453292519943295
9.800000000000011,0,4006634500.0000024,r,0,0.017453292519943295
9.900000000000011,0,4006634500.0000024,r,0,0.017453292519943295
10.00000000000001,0,4006634500.0000024,r,0,0.017453292519943295
10.100000000000012,0,4006634500.0000024,r,0,0.017453292519943295
10.200000000000012,0,4006634500.0000024,r,0,0.017453292519943295
10.300000000000011,0,4006634500.0000024,r,0,0.017453292519943295
10.400000000000013,0,4006634500.0000024,r,0,0.017453292519943295
10.500000000000012,0,4006634500.0000024,r,0,0.017453292519943295
10.600000000000012,0,4006634500.0000024,r,0,0.017453292519943295
10.700000000000012,0,4006634500.0000024,r,0,0.017453292519943295
10.800000000000011,0,4006634500.0000024,r,0,0.017453292519943295
10.900000000000013,0,4006634500.0000024,r,0,0.017453292519943295
11.000000000000012,0,4006634500.0000024,r,0,0.017453292519943295
11.100000000000012,0,4006634500.0000024,r,0,0.017453292519943295
11.200000000000014,0,4006634500.0000024,r,0,0.017453292519943295
11.300000000000013,0,4006634500.0000024,r,0,0.017453292519943295
11.400000000000013,0,4006634500.0000024,r,0,0.017453292519943295
11.500000000000012,0,4006634500.0000024,r,0,0.017453292519943295
11.600000000000012,0,4006634500.0000024,r,0,0.017453292519943295
11.700000000000014,0,4006634500.0000024,r,0,0.017453292519943295
11.800000000000013,0,4006634500.0000024,r,0,0.017453292519943295
11.900000000000013,0,4006634500.0000024,r,0,0.017453292519943295
12.000000000000014,0,4006634500.0000024,r,0,0.017453292519943295
12.100000000000014,0,4006634500.0000024,r,0,0.017453292519943295
2.7000000000000046,14379811.220500005,4006634500.0000024,i,0,0
2.7000000000000046,32089135.710500017,4006634500.0000024,r,0,0
3.2000000000000055,89628413.76500003,4006634500.0000024,g,0,0.026179938779914945
2.7000000000000046,308006020.55300015,4006634500.0000024,r,0,0.02181661564992912
3.2000000000000055,73914393.25600004,4006634500.0000024,r,0,0.026179938779914945
3.0000000000000053,14784481.305000007,4006634500.0000024,r,0,0.008726646259971648
2.100000000000005,72648296.75400004,4006634500.0000024,y,0,0.026179938779914945
3.100000000000005,15056932.451000009,4006634500.0000024,r,0,0.013089969389957472
4.100000000000007,16635546.444000008,4006634500.0000024,i,0,0.026179938779914945
3.100000000000005,14387824.489500007,4006634500.0000024,z,0,0
-0.8999999999999981,3371835349.723501,4006634500.0000024,u,0,0
-0.4999999999999978,2534448739.223501,4006634500.0000024,u,0,0.026179938779914945
2.800000000000005,14379811.220500005,4006634500.0000024,i,0,0
2.100000000000005,368786665.9180002,4006634500.0000024,g,0,0
3.300000000000006,89628413.76500003,4006634500.0000024,g,0,0.026179938779914945
2.800000000000005,32089135.710500017,4006634500.0000024,r,0,0
1.0000000000000036,84632140.54350004,4006634500.0000024,y,0,0
2.800000000000005,308006020.55300015,4006634500.0000024,r,0,0.02181661564992912
3.300000000000006,73914393.25600004,4006634500.0000024,r,0,0.026179938779914945
3.100000000000005,14784481.305000007,4006634500.0000024,r,0,0.008726646259971648
3.2000000000000055,15056932.451000009,4006634500.0000024,r,0,0.013089969389957472
4.200000000000006,0.0,4006634500.0000024,i,0,0.026179938779914945
4.300000000000006,0,4006634500.0000024,i,0,0.026179938779914945
4.400000000000007,0,4006634500.0000024,i,0,0.026179938779914945
4.500000000000007,0,4006634500.0000024,i,0,0.026179938779914945
4.600000000000007,0,4006634500.0000024,i,0,0.026179938779914945
4.700000000000006,0,4006634500.0000024,i,0,0.026179938779914945
4.800000000000007,0,4006634500.0000024,i,0,0.026179938779914945
4.9000000000000075,0,4006634500.0000024,i,0,0.026179938779914945
5.000000000000007,0,4006634500.0000024,i,0,0.026179938779914945
5.100000000000007,0,4006634500.0000024,i,0,0.026179938779914945
5.200000000000006,0,4006634500.0000024,i,0,0.026179938779914945
5.300000000000008,0,4006634500.0000024,i,0,0.026179938779914945
5.4000000000000075,0,4006634500.0000024,i,0,0.026179938779914945
5.500000000000007,0,4006634500.0000024,i,0,0.026179938779914945
5.6000000000000085,0,4006634500.0000024,i,0,0.026179938779914945
5.700000000000008,0,4006634500.0000024,i,0,0.026179938779914945
5.800000000000008,0,4006634500.0000024,i,0,0.026179938779914945
5.9000000000000075,0,4006634500.0000024,i,0,0.026179938779914945
6.000000000000007,0,4006634500.0000024,i,0,0.026179938779914945
6.1000000000000085,0,4006634500.0000024,i,0,0.026179938779914945
6.200000000000008,0,4006634500.0000024,i,0,0.026179938779914945
6.300000000000008,0,4006634500.0000024,i,0,0.026179938779914945
6.400000000000009,0,4006634500.0000024,i,0,0.026179938779914945
6.500000000000009,0,4006634500.0000024,i,0,0.026179938779914945
6.6000000000000085,0,4006634500.0000024,i,0,0.026179938779914945
6.700000000000008,0,4006634500.0000024,i,0,0.026179938779914945
6.800000000000008,0,4006634500.0000024,i,0,0.026179938779914945
6.900000000000009,0,4006634500.0000024,i,0,0.026179938779914945
7.000000000000009,0,4006634500.0000024,i,0,0.026179938779914945
7.1000000000000085,0,4006634500.0000024,i,0,0.026179938779914945
7.20000000000001,0,4006634500.0000024,i,0,0.026179938779914945
7.30000000000001,0,4006634500.0000024,i,0,0.026179938779914945
7.400000000000009,0,4006634500.0000024,i,0,0.026179938779914945
7.500000000000009,0,4006634500.0000024,i,0,0.026179938779914945
7.6000000000000085,0,4006634500.0000024,i,0,0.026179938779914945
7.70000000000001,0,4006634500.0000024,i,0,0.026179938779914945
7.80000000000001,0,4006634500.0000024,i,0,0.026179938779914945
7.900000000000009,0,4006634500.0000024,i,0,0.026179938779914945
8.00000000000001,0,4006634500.0000024,i,0,0.026179938779914945
8.10000000000001,0,4006634500.0000024,i,0,0.026179938779914945
8.20000000000001,0,4006634500.0000024,i,0,0.026179938779914945
8.30000000000001,0,4006634500.0000024,i,0,0.026179938779914945
8.40000000000001,0,4006634500.0000024,i,0,0.026179938779914945
8.50000000000001,0,4006634500.0000024,i,0,0.026179938779914945
8.60000000000001,0,4006634500.0000024,i,0,0.026179938779914945
8.70000000000001,0,4006634500.0000024,i,0,0.026179938779914945
8.800000000000011,0,4006634500.0000024,i,0,0.026179938779914945
8.900000000000011,0,4006634500.0000024,i,0,0.026179938779914945
9.00000000000001,0,4006634500.0000024,i,0,0.026179938779914945
9.10000000000001,0,4006634500.0000024,i,0,0.026179938779914945
9.20000000000001,0,4006634500.0000024,i,0,0.026179938779914945
9.300000000000011,0,4006634500.0000024,i,0,0.026179938779914945
9.400000000000011,0,4006634500.0000024,i,0,0.026179938779914945
9.50000000000001,0,4006634500.0000024,i,0,0.026179938779914945
9.600000000000012,0,4006634500.0000024,i,0,0.026179938779914945
9.700000000000012,0,4006634500.0000024,i,0,0.026179938779914945
9.800000000000011,0,4006634500.0000024,i,0,0.026179938779914945
9.900000000000011,0,4006634500.0000024,i,0,0.026179938779914945
10.00000000000001,0,4006634500.0000024,i,0,0.026179938779914945
10.100000000000012,0,4006634500.0000024,i,0,0.026179938779914945
10.200000000000012,0,4006634500.0000024,i,0,0.026179938779914945
10.300000000000011,0,4006634500.0000024,i,0,0.026179938779914945
10.400000000000013,0,4006634500.0000024,i,0,0.026179938779914945
10.500000000000012,0,4006634500.0000024,i,0,0.026179938779914945
10.600000000000012,0,4006634500.0000024,i,0,0.026179938779914945
10.700000000000012,0,4006634500.0000024,i,0,0.026179938779914945
10.800000000000011,0,4006634500.0000024,i,0,0.026179938779914945
10.900000000000013,0,4006634500.0000024,i,0,0.026179938779914945
11.000000000000012,0,4006634500.0000024,i,0,0.026179938779914945
11.100000000000012,0,4006634500.0000024,i,0,0.026179938779914945
11.200000000000014,0,4006634500.0000024,i,0,0.026179938779914945
11.300000000000013,0,4006634500.0000024,i,0,0.026179938779914945
11.400000000000013,0,4006634500.0000024,i,0,0.026179938779914945
11.500000000000012,0,4006634500.0000024,i,0,0.026179938779914945
11.600000000000012,0,4006634500.0000024,i,0,0.026179938779914945
11.700000000000014,0,4006634500.0000024,i,0,0.026179938779914945
11.800000000000013,0,4006634500.0000024,i,0,0.026179938779914945
11.900000000000013,0,4006634500.0000024,i,0,0.026179938779914945
12.000000000000014,0,4006634500.0000024,i,0,0.026179938779914945
12.100000000000014,0,4006634500.0000024,i,0,0.026179938779914945
2.2000000000000046,72648296.75400004,4006634500.0000024,y,0,0.026179938779914945
3.2000000000000055,14387824.489500007,4006634500.0000024,z,0,0
3.4000000000000057,89628413.76500003,4006634500.0000024,g,0,0.026179938779914945
2.9000000000000057,14379811.220500005,4006634500.0000024,i,0,0
2.9000000000000057,14399844.393000007,4006634500.0000024,r,0,0
2.2000000000000046,368786665.9180002,4006634500.0000024,g,0,0
3.4000000000000057,73914393.25600004,4006634500.0000024,r,0,0.026179938779914945
2.9000000000000057,308006020.55300015,4006634500.0000024,r,0,0.02181661564992912
3.2000000000000055,14784481.305000007,4006634500.0000024,r,0,0.008726646259971648
3.300000000000006,15056932.451000009,4006634500.0000024,r,0,0.013089969389957472
3.300000000000006,14387824.489500007,4006634500.0000024,z,0,0
1.1000000000000032,84632140.54350004,4006634500.0000024,y,0,0
2.3000000000000043,72648296.75400004,4006634500.0000024,y,0,0.026179938779914945
3.5000000000000053,89628413.76500003,4006634500.0000024,g,0,0.026179938779914945
3.0000000000000053,14379811.220500005,4006634500.0000024,i,0,0
3.0000000000000053,14399844.393000007,4006634500.0000024,r,0,0
-0.3999999999999977,2530934920.7670016,4006634500.0000024,u,0,0.026179938779914945
3.5000000000000053,73914393.25600004,4006634500.0000024,r,0,0.026179938779914945
3.0000000000000053,94228030.17100005,4006634500.0000024,r,0,0.02181661564992912
3.300000000000006,14784481.305000007,4006634500.0000024,r,0,0.008726646259971648
2.3000000000000043,345892756.38500017,4006634500.0000024,g,0,0
3.4000000000000057,15056932.451000009,4006634500.0000024,r,0,0.013089969389957472
-0.799999999999998,3371835349.723501,4006634500.0000024,u,0,0
3.4000000000000057,14387824.489500007,4006634500.0000024,z,0,0
3.600000000000006,89628413.76500003,4006634500.0000024,g,0,0.026179938779914945
2.400000000000005,72648296.75400004,4006634500.0000024,y,0,0.026179938779914945
3.100000000000005,14379811.220500005,4006634500.0000024,i,0,0
3.600000000000006,73914393.25600004,4006634500.0000024,r,0,0.026179938779914945
3.100000000000005,14399844.393000007,4006634500.0000024,r,0,0
1.2000000000000037,84632140.54350004,4006634500.0000024,y,0,0
3.100000000000005,77888974.68000004,4006634500.0000024,r,0,0.02181661564992912
3.4000000000000057,14784481.305000007,4006634500.0000024,r,0,0.008726646259971648
3.5000000000000053,0.0,4006634500.0000024,r,0,0.013089969389957472
3.600000000000006,0,4006634500.0000024,r,0,0.013089969389957472
3.7000000000000064,0,4006634500.0000024,r,0,0.013089969389957472
3.800000000000006,0,4006634500.0000024,r,0,0.013089969389957472
3.9000000000000057,0,4006634500.0000024,r,0,0.013089969389957472
4.000000000000006,0,4006634500.0000024,r,0,0.013089969389957472
4.100000000000007,0,4006634500.0000024,r,0,0.013089969389957472
4.200000000000006,0,4006634500.0000024,r,0,0.013089969389957472
4.300000000000006,0,4006634500.0000024,r,0,0.013089969389957472
4.400000000000007,0,4006634500.0000024,r,0,0.013089969389957472
4.500000000000007,0,4006634500.0000024,r,0,0.013089969389957472
4.600000000000007,0,4006634500.0000024,r,0,0.013089969389957472
4.700000000000006,0,4006634500.0000024,r,0,0.013089969389957472
4.800000000000007,0,4006634500.0000024,r,0,0.013089969389957472
4.9000000000000075,0,4006634500.0000024,r,0,0.013089969389957472
5.000000000000007,0,4006634500.0000024,r,0,0.013089969389957472
5.100000000000007,0,4006634500.0000024,r,0,0.013089969389957472
5.200000000000006,0,4006634500.0000024,r,0,0.013089969389957472
5.300000000000008,0,4006634500.0000024,r,0,0.013089969389957472
5.4000000000000075,0,4006634500.0000024,r,0,0.013089969389957472
5.500000000000007,0,4006634500.0000024,r,0,0.013089969389957472
5.6000000000000085,0,4006634500.0000024,r,0,0.013089969389957472
5.700000000000008,0,4006634500.0000024,r,0,0.013089969389957472
5.800000000000008,0,4006634500.0000024,r,0,0.013089969389957472
5.9000000000000075,0,4006634500.0000024,r,0,0.013089969389957472
6.000000000000007,0,4006634500.0000024,r,0,0.013089969389957472
6.1000000000000085,0,4006634500.0000024,r,0,0.013089969389957472
6.200000000000008,0,4006634500.0000024,r,0,0.013089969389957472
6.300000000000008,0,4006634500.0000024,r,0,0.013089969389957472
6.400000000000009,0,4006634500.0000024,r,0,0.013089969389957472
6.500000000000009,0,4006634500.0000024,r,0,0.013089969389957472
6.6000000000000085,0,4006634500.0000024,r,0,0.013089969389957472
6.700000000000008,0,4006634500.0000024,r,0,0.013089969389957472
6.800000000000008,0,4006634500.0000024,r,0,0.013089969389957472
6.900000000000009,0,4006634500.0000024,r,0,0.013089969389957472
7.000000000000009,0,4006634500.0000024,r,0,0.013089969389957472
7.1000000000000085,0,4006634500.0000024,r,0,0.013089969389957472
7.20000000000001,0,4006634500.0000024,r,0,0.013089969389957472
7.30000000000001,0,4006634500.0000024,r,0,0.013089969389957472
7.400000000000009,0,4006634500.0000024,r,0,0.013089969389957472
7.500000000000009,0,4006634500.0000024,r,0,0.013089969389957472
7.6000000000000085,0,4006634500.0000024,r,0,0.013089969389957472
7.70000000000001,0,4006634500.0000024,r,0,0.013089969389957472
7.80000000000001,0,4006634500.0000024,r,0,0.013089969389957472
7.900000000000009,0,4006634500.0000024,r,0,0.013089969389957472
8.00000000000001,0,4006634500.0000024,r,0,0.013089969389957472
8.10000000000001,0,4006634500.0000024,r,0,0.013089969389957472
8.20000000000001,0,4006634500.0000024,r,0,0.013089969389957472
8.30000000000001,0,4006634500.0000024,r,0,0.013089969389957472
8.40000000000001,0,4006634500.0000024,r,0,0.013089969389957472
8.50000000000001,0,4006634500.0000024,r,0,0.013089969389957472
8.60000000000001,0,4006634500.0000024,r,0,0.013089969389957472
8.70000000000001,0,4006634500.0000024,r,0,0.013089969389957472
8.800000000000011,0,4006634500.0000024,r,0,0.013089969389957472
8.900000000000011,0,4006634500.0000024,r,0,0.013089969389957472
9.00000000000001,0,4006634500.0000024,r,0,0.013089969389957472
9.10000000000001,0,4006634500.0000024,r,0,0.013089969389957472
9.20000000000001,0,4006634500.0000024,r,0,0.013089969389957472
9.300000000000011,0,4006634500.0000024,r,0,0.013089969389957472
9.400000000000011,0,4006634500.0000024,r,0,0.013089969389957472
9.50000000000001,0,4006634500.0000024,r,0,0.013089969389957472
9.600000000000012,0,4006634500.0000024,r,0,0.013089969389957472
9.700000000000012,0,4006634500.0000024,r,0,0.013089969389957472
9.800000000000011,0,4006634500.0000024,r,0,0.013089969389957472
9.900000000000011,0,4006634500.0000024,r,0,0.013089969389957472
10.00000000000001,0,4006634500.0000024,r,0,0.013089969389957472
10.100000000000012,0,4006634500.0000024,r,0,0.013089969389957472
10.200000000000012,0,4006634500.0000024,r,0,0.013089969389957472
10.300000000000011,0,4006634500.0000024,r,0,0.013089969389957472
10.400000000000013,0,4006634500.0000024,r,0,0.013089969389957472
10.500000000000012,0,4006634500.0000024,r,0,0.013089969389957472
10.600000000000012,0,4006634500.0000024,r,0,0.013089969389957472
10.700000000000012,0,4006634500.0000024,r,0,0.013089969389957472
10.800000000000011,0,4006634500.0000024,r,0,0.013089969389957472
10.900000000000013,0,4006634500.0000024,r,0,0.013089969389957472
11.000000000000012,0,4006634500.0000024,r,0,0.013089969389957472
11.100000000000012,0,4006634500.0000024,r,0,0.013089969389957472
11.200000000000014,0,4006634500.0000024,r,0,0.013089969389957472
11.300000000000013,0,4006634500.0000024,r,0,0.013089969389957472
11.400000000000013,0,4006634500.0000024,r,0,0.013089969389957472
11.500000000000012,0,4006634500.0000024,r,0,0.013089969389957472
11.600000000000012,0,4006634500.0000024,r,0,0.013089969389957472
11.700000000000014,0,4006634500.0000024,r,0,0.013089969389957472
11.800000000000013,0,4006634500.0000024,r,0,0.013089969389957472
11.900000000000013,0,4006634500.0000024,r,0,0.013089969389957472
12.000000000000014,0,4006634500.0000024,r,0,0.013089969389957472
12.100000000000014,0,4006634500.0000024,r,0,0.013089969389957472
2.400000000000005,345892756.38500017,4006634500.0000024,g,0,0
3.5000000000000053,14387824.489500007,4006634500.0000024,z,0,0
3.7000000000000064,74082671.90500003,4006634500.0000024,g,0,0.026179938779914945
2.5000000000000053,72648296.75400004,4006634500.0000024,y,0,0.026179938779914945
3.7000000000000064,73914393.25600004,4006634500.0000024,r,0,0.026179938779914945
3.2000000000000055,14379811.220500005,4006634500.0000024,i,0,0
3.2000000000000055,14399844.393000007,4006634500.0000024,r,0,0
3.5000000000000053,0.0,4006634500.0000024,r,0,0.008726646259971648
3.600000000000006,0,4006634500.0000024,r,0,0.008726646259971648
3.7000000000000064,0,4006634500.0000024,r,0,0.008726646259971648
3.800000000000006,0,4006634500.0000024,r,0,0.008726646259971648
3.9000000000000057,0,4006634500.0000024,r,0,0.008726646259971648
4.000000000000006,0,4006634500.0000024,r,0,0.008726646259971648
4.100000000000007,0,4006634500.0000024,r,0,0.008726646259971648
4.200000000000006,0,4006634500.0000024,r,0,0.008726646259971648
4.300000000000006,0,4006634500.0000024,r,0,0.008726646259971648
4.400000000000007,0,4006634500.0000024,r,0,0.008726646259971648
4.500000000000007,0,4006634500.0000024,r,0,0.008726646259971648
4.600000000000007,0,4006634500.0000024,r,0,0.008726646259971648
4.700000000000006,0,4006634500.0000024,r,0,0.008726646259971648
4.800000000000007,0,4006634500.0000024,r,0,0.008726646259971648
4.9000000000000075,0,4006634500.0000024,r,0,0.008726646259971648
5.000000000000007,0,4006634500.0000024,r,0,0.008726646259971648
5.100000000000007,0,4006634500.0000024,r,0,0.008726646259971648
5.200000000000006,0,4006634500.0000024,r,0,0.008726646259971648
5.300000000000008,0,4006634500.0000024,r,0,0.008726646259971648
5.4000000000000075,0,4006634500.0000024,r,0,0.008726646259971648
5.500000000000007,0,4006634500.0000024,r,0,0.008726646259971648
5.6000000000000085,0,4006634500.0000024,r,0,0.008726646259971648
5.700000000000008,0,4006634500.0000024,r,0,0.008726646259971648
5.800000000000008,0,4006634500.0000024,r,0,0.008726646259971648
5.9000000000000075,0,4006634500.0000024,r,0,0.008726646259971648
6.000000000000007,0,4006634500.0000024,r,0,0.008726646259971648
6.1000000000000085,0,4006634500.0000024,r,0,0.008726646259971648
6.200000000000008,0,4006634500.0000024,r,0,0.008726646259971648
6.300000000000008,0,4006634500.0000024,r,0,0.008726646259971648
6.400000000000009,0,4006634500.0000024,r,0,0.008726646259971648
6.500000000000009,0,4006634500.0000024,r,0,0.008726646259971648
6.6000000000000085,0,4006634500.0000024,r,0,0.008726646259971648
6.700000000000008,0,4006634500.0000024,r,0,0.008726646259971648
6.800000000000008,0,4006634500.0000024,r,0,0.008726646259971648
6.900000000000009,0,4006634500.0000024,r,0,0.008726646259971648
7.000000000000009,0,4006634500.0000024,r,0,0.008726646259971648
7.1000000000000085,0,4006634500.0000024,r,0,0.008726646259971648
7.20000000000001,0,4006634500.0000024,r,0,0.008726646259971648
7.30000000000001,0,4006634500.0000024,r,0,0.008726646259971648
7.400000000000009,0,4006634500.0000024,r,0,0.008726646259971648
7.500000000000009,0,4006634500.0000024,r,0,0.008726646259971648
7.6000000000000085,0,4006634500.0000024,r,0,0.008726646259971648
7.70000000000001,0,4006634500.0000024,r,0,0.008726646259971648
7.80000000000001,0,4006634500.0000024,r,0,0.008726646259971648
7.900000000000009,0,4006634500.0000024,r,0,0.008726646259971648
8.00000000000001,0,4006634500.0000024,r,0,0.008726646259971648
8.10000000000001,0,4006634500.0000024,r,0,0.008726646259971648
8.20000000000001,0,4006634500.0000024,r,0,0.008726646259971648
8.30000000000001,0,4006634500.0000024,r,0,0.008726646259971648
8.40000000000001,0,4006634500.0000024,r,0,0.008726646259971648
8.50000000000001,0,4006634500.0000024,r,0,0.008726646259971648
8.60000000000001,0,4006634500.0000024,r,0,0.008726646259971648
8.70000000000001,0,4006634500.0000024,r,0,0.008726646259971648
8.800000000000011,0,4006634500.0000024,r,0,0.008726646259971648
8.900000000000011,0,4006634500.0000024,r,0,0.008726646259971648
9.00000000000001,0,4006634500.0000024,r,0,0.008726646259971648
9.10000000000001,0,4006634500.0000024,r,0,0.008726646259971648
9.20000000000001,0,4006634500.0000024,r,0,0.008726646259971648
9.300000000000011,0,4006634500.0000024,r,0,0.008726646259971648
9.400000000000011,0,4006634500.0000024,r,0,0.008726646259971648
9.50000000000001,0,4006634500.0000024,r,0,0.008726646259971648
9.600000000000012,0,4006634500.0000024,r,0,0.008726646259971648
9.700000000000012,0,4006634500.0000024,r,0,0.008726646259971648
9.800000000000011,0,4006634500.0000024,r,0,0.008726646259971648
9.900000000000011,0,4006634500.0000024,r,0,0.008726646259971648
10.00000000000001,0,4006634500.0000024,r,0,0.008726646259971648
10.100000000000012,0,4006634500.0000024,r,0,0.008726646259971648
10.200000000000012,0,4006634500.0000024,r,0,0.008726646259971648
10.300000000000011,0,4006634500.0000024,r,0,0.008726646259971648
10.400000000000013,0,4006634500.0000024,r,0,0.008726646259971648
10.500000000000012,0,4006634500.0000024,r,0,0.008726646259971648
10.600000000000012,0,4006634500.0000024,r,0,0.008726646259971648
10.700000000000012,0,4006634500.0000024,r,0,0.008726646259971648
10.800000000000011,0,4006634500.0000024,r,0,0.008726646259971648
10.900000000000013,0,4006634500.0000024,r,0,0.008726646259971648
11.000000000000012,0,4006634500.0000024,r,0,0.008726646259971648
11.100000000000012,0,4006634500.0000024,r,0,0.008726646259971648
11.200000000000014,0,4006634500.0000024,r,0,0.008726646259971648
11.300000000000013,0,4006634500.0000024,r,0,0.008726646259971648
11.400000000000013,0,4006634500.0000024,r,0,0.008726646259971648
11.500000000000012,0,4006634500.0000024,r,0,0.008726646259971648
11.600000000000012,0,4006634500.0000024,r,0,0.008726646259971648
11.700000000000014,0,4006634500.0000024,r,0,0.008726646259971648
11.800000000000013,0,4006634500.0000024,r,0,0.008726646259971648
11.900000000000013,0,4006634500.0000024,r,0,0.008726646259971648
12.000000000000014,0,4006634500.0000024,r,0,0.008726646259971648
12.100000000000014,0,4006634500.0000024,r,0,0.008726646259971648
3.2000000000000055,77888974.68000004,4006634500.0000024,r,0,0.02181661564992912
-0.2999999999999976,2530934920.7670016,4006634500.0000024,u,0,0.026179938779914945
3.600000000000006,14387824.489500007,4006634500.0000024,z,0,0
2.5000000000000053,98651354.65900004,4006634500.0000024,g,0,0
1.3000000000000043,84632140.54350004,4006634500.0000024,y,0,0
3.800000000000006,74082671.90500003,4006634500.0000024,g,0,0.026179938779914945
3.800000000000006,18807142.34300001,4006634500.0000024,r,0,0.026179938779914945
3.300000000000006,14379811.220500005,4006634500.0000024,i,0,0
3.300000000000006,14399844.393000007,4006634500.0000024,r,0,0
2.600000000000005,72648296.75400004,4006634500.0000024,y,0,0.026179938779914945
3.300000000000006,77888974.68000004,4006634500.0000024,r,0,0.02181661564992912
-0.699999999999998,3371835349.723501,4006634500.0000024,u,0,0
3.7000000000000064,0.0,4006634500.0000024,z,0,0
3.800000000000006,0,4006634500.0000024,z,0,0
3.9000000000000057,0,4006634500.0000024,z,0,0
4.000000000000006,0,4006634500.0000024,z,0,0
4.100000000000007,0,4006634500.0000024,z,0,0
4.200000000000006,0,4006634500.0000024,z,0,0
4.300000000000006,0,4006634500.0000024,z,0,0
4.400000000000007,0,4006634500.0000024,z,0,0
4.500000000000007,0,4006634500.0000024,z,0,0
4.600000000000007,0,4006634500.0000024,z,0,0
4.700000000000006,0,4006634500.0000024,z,0,0
4.800000000000007,0,4006634500.0000024,z,0,0
4.9000000000000075,0,4006634500.0000024,z,0,0
5.000000000000007,0,4006634500.0000024,z,0,0
5.100000000000007,0,4006634500.0000024,z,0,0
5.200000000000006,0,4006634500.0000024,z,0,0
5.300000000000008,0,4006634500.0000024,z,0,0
5.4000000000000075,0,4006634500.0000024,z,0,0
5.500000000000007,0,4006634500.0000024,z,0,0
5.6000000000000085,0,4006634500.0000024,z,0,0
5.700000000000008,0,4006634500.0000024,z,0,0
5.800000000000008,0,4006634500.0000024,z,0,0
5.9000000000000075,0,4006634500.0000024,z,0,0
6.000000000000007,0,4006634500.0000024,z,0,0
6.1000000000000085,0,4006634500.0000024,z,0,0
6.200000000000008,0,4006634500.0000024,z,0,0
6.300000000000008,0,4006634500.0000024,z,0,0
6.400000000000009,0,4006634500.0000024,z,0,0
6.500000000000009,0,4006634500.0000024,z,0,0
6.6000000000000085,0,4006634500.0000024,z,0,0
6.700000000000008,0,4006634500.0000024,z,0,0
6.800000000000008,0,4006634500.0000024,z,0,0
6.900000000000009,0,4006634500.0000024,z,0,0
7.000000000000009,0,4006634500.0000024,z,0,0
7.1000000000000085,0,4006634500.0000024,z,0,0
7.20000000000001,0,4006634500.0000024,z,0,0
7.30000000000001,0,4006634500.0000024,z,0,0
7.400000000000009,0,4006634500.0000024,z,0,0
7.500000000000009,0,4006634500.0000024,z,0,0
7.6000000000000085,0,4006634500.0000024,z,0,0
7.70000000000001,0,4006634500.0000024,z,0,0
7.80000000000001,0,4006634500.0000024,z,0,0
7.900000000000009,0,4006634500.0000024,z,0,0
8.00000000000001,0,4006634500.0000024,z,0,0
8.10000000000001,0,4006634500.0000024,z,0,0
8.20000000000001,0,4006634500.0000024,z,0,0
8.30000000000001,0,4006634500.0000024,z,0,0
8.40000000000001,0,4006634500.0000024,z,0,0
8.50000000000001,0,4006634500.0000024,z,0,0
8.60000000000001,0,4006634500.0000024,z,0,0
8.70000000000001,0,4006634500.0000024,z,0,0
8.800000000000011,0,4006634500.0000024,z,0,0
8.900000000000011,0,4006634500.0000024,z,0,0
9.00000000000001,0,4006634500.0000024,z,0,0
9.10000000000001,0,4006634500.0000024,z,0,0
9.20000000000001,0,4006634500.0000024,z,0,0
9.300000000000011,0,4006634500.0000024,z,0,0
9.400000000000011,0,4006634500.0000024,z,0,0
9.50000000000001,0,4006634500.0000024,z,0,0
9.600000000000012,0,4006634500.0000024,z,0,0
9.700000000000012,0,4006634500.0000024,z,0,0
9.800000000000011,0,4006634500.0000024,z,0,0
9.900000000000011,0,4006634500.0000024,z,0,0
10.00000000000001,0,4006634500.0000024,z,0,0
10.100000000000012,0,4006634500.0000024,z,0,0
10.200000000000012,0,4006634500.0000024,z,0,0
10.300000000000011,0,4006634500.0000024,z,0,0
10.400000000000013,0,4006634500.0000024,z,0,0
10.500000000000012,0,4006634500.0000024,z,0,0
10.600000000000012,0,4006634500.0000024,z,0,0
10.700000000000012,0,4006634500.0000024,z,0,0
10.800000000000011,0,4006634500.0000024,z,0,0
10.900000000000013,0,4006634500.0000024,z,0,0
11.000000000000012,0,4006634500.0000024,z,0,0
11.100000000000012,0,4006634500.0000024,z,0,0
11.200000000000014,0,4006634500.0000024,z,0,0
11.300000000000013,0,4006634500.0000024,z,0,0
11.400000000000013,0,4006634500.0000024,z,0,0
11.500000000000012,0,4006634500.0000024,z,0,0
11.600000000000012,0,4006634500.0000024,z,0,0
11.700000000000014,0,4006634500.0000024,z,0,0
11.800000000000013,0,4006634500.0000024,z,0,0
11.900000000000013,0,4006634500.0000024,z,0,0
12.000000000000014,0,4006634500.0000024,z,0,0
12.100000000000014,0,4006634500.0000024,z,0,0
3.9000000000000057,74082671.90500003,4006634500.0000024,g,0,0.026179938779914945
2.600000000000005,98651354.65900004,4006634500.0000024,g,0,0
3.9000000000000057,18807142.34300001,4006634500.0000024,r,0,0.026179938779914945
3.4000000000000057,14379811.220500005,4006634500.0000024,i,0,0
3.4000000000000057,14399844.393000007,4006634500.0000024,r,0,0
1.400000000000004,84632140.54350004,4006634500.0000024,y,0,0
3.4000000000000057,77888974.68000004,4006634500.0000024,r,0,0.02181661564992912
2.7000000000000046,72648296.75400004,4006634500.0000024,y,0,0.026179938779914945
4.000000000000006,74082671.90500003,4006634500.0000024,g,0,0.026179938779914945
-0.1999999999999975,2529953295.3145013,4006634500.0000024,u,0,0.026179938779914945
4.000000000000006,18807142.34300001,4006634500.0000024,r,0,0.026179938779914945
2.7000000000000046,98651354.65900004,4006634500.0000024,g,0,0
3.5000000000000053,0.0,4006634500.0000024,i,0,0
3.600000000000006,0,4006634500.0000024,i,0,0
3.7000000000000064,0,4006634500.0000024,i,0,0
3.800000000000006,0,4006634500.0000024,i,0,0
3.9000000000000057,0,4006634500.0000024,i,0,0
4.000000000000006,0,4006634500.0000024,i,0,0
4.100000000000007,0,4006634500.0000024,i,0,0
4.200000000000006,0,4006634500.0000024,i,0,0
4.300000000000006,0,4006634500.0000024,i,0,0
4.400000000000007,0,4006634500.0000024,i,0,0
4.500000000000007,0,4006634500.0000024,i,0,0
4.600000000000007,0,4006634500.0000024,i,0,0
4.700000000000006,0,4006634500.0000024,i,0,0
4.800000000000007,0,4006634500.0000024,i,0,0
4.9000000000000075,0,4006634500.0000024,i,0,0
5.000000000000007,0,4006634500.0000024,i,0,0
5.100000000000007,0,4006634500.0000024,i,0,0
5.200000000000006,0,4006634500.0000024,i,0,0
5.300000000000008,0,4006634500.0000024,i,0,0
5.4000000000000075,0,4006634500.0000024,i,0,0
5.500000000000007,0,4006634500.0000024,i,0,0
5.6000000000000085,0,4006634500.0000024,i,0,0
5.700000000000008,0,4006634500.0000024,i,0,0
5.800000000000008,0,4006634500.0000024,i,0,0
5.9000000000000075,0,4006634500.0000024,i,0,0
6.000000000000007,0,4006634500.0000024,i,0,0
6.1000000000000085,0,4006634500.0000024,i,0,0
6.200000000000008,0,4006634500.0000024,i,0,0
6.300000000000008,0,4006634500.0000024,i,0,0
6.400000000000009,0,4006634500.0000024,i,0,0
6.500000000000009,0,4006634500.0000024,i,0,0
6.6000000000000085,0,4006634500.0000024,i,0,0
6.700000000000008,0,4006634500.0000024,i,0,0
6.800000000000008,0,4006634500.0000024,i,0,0
6.900000000000009,0,4006634500.0000024,i,0,0
7.000000000000009,0,4006634500.0000024,i,0,0
7.1000000000000085,0,4006634500.0000024,i,0,0
7.20000000000001,0,4006634500.0000024,i,0,0
7.30000000000001,0,4006634500.0000024,i,0,0
7.400000000000009,0,4006634500.0000024,i,0,0
7.500000000000009,0,4006634500.0000024,i,0,0
7.6000000000000085,0,4006634500.0000024,i,0,0
7.70000000000001,0,4006634500.0000024,i,0,0
7.80000000000001,0,4006634500.0000024,i,0,0
7.900000000000009,0,4006634500.0000024,i,0,0
8.00000000000001,0,4006634500.0000024,i,0,0
8.10000000000001,0,4006634500.0000024,i,0,0
8.20000000000001,0,4006634500.0000024,i,0,0
8.30000000000001,0,4006634500.0000024,i,0,0
8.40000000000001,0,4006634500.0000024,i,0,0
8.50000000000001,0,4006634500.0000024,i,0,0
8.60000000000001,0,4006634500.0000024,i,0,0
8.70000000000001,0,4006634500.0000024,i,0,0
8.800000000000011,0,4006634500.0000024,i,0,0
8.900000000000011,0,4006634500.0000024,i,0,0
9.00000000000001,0,4006634500.0000024,i,0,0
9.10000000000001,0,4006634500.0000024,i,0,0
9.20000000000001,0,4006634500.0000024,i,0,0
9.300000000000011,0,4006634500.0000024,i,0,0
9.400000000000011,0,4006634500.0000024,i,0,0
9.50000000000001,0,4006634500.0000024,i,0,0
9.600000000000012,0,4006634500.0000024,i,0,0
9.700000000000012,0,4006634500.0000024,i,0,0
9.800000000000011,0,4006634500.0000024,i,0,0
9.900000000000011,0,4006634500.0000024,i,0,0
10.00000000000001,0,4006634500.0000024,i,0,0
10.100000000000012,0,4006634500.0000024,i,0,0
10.200000000000012,0,4006634500.0000024,i,0,0
10.300000000000011,0,4006634500.0000024,i,0,0
10.400000000000013,0,4006634500.0000024,i,0,0
10.500000000000012,0,4006634500.0000024,i,0,0
10.600000000000012,0,4006634500.0000024,i,0,0
10.700000000000012,0,4006634500.0000024,i,0,0
10.800000000000011,0,4006634500.0000024,i,0,0
10.900000000000013,0,4006634500.0000024,i,0,0
11.000000000000012,0,4006634500.0000024,i,0,0
11.100000000000012,0,4006634500.0000024,i,0,0
11.200000000000014,0,4006634500.0000024,i,0,0
11.300000000000013,0,4006634500.0000024,i,0,0
11.400000000000013,0,4006634500.0000024,i,0,0
11.500000000000012,0,4006634500.0000024,i,0,0
11.600000000000012,0,4006634500.0000024,i,0,0
11.700000000000014,0,4006634500.0000024,i,0,0
11.800000000000013,0,4006634500.0000024,i,0,0
11.900000000000013,0,4006634500.0000024,i,0,0
12.000000000000014,0,4006634500.0000024,i,0,0
12.100000000000014,0,4006634500.0000024,i,0,0
3.5000000000000053,14399844.393000007,4006634500.0000024,r,0,0
3.5000000000000053,77888974.68000004,4006634500.0000024,r,0,0.02181661564992912
2.800000000000005,72648296.75400004,4006634500.0000024,y,0,0.026179938779914945
4.100000000000007,74082671.90500003,4006634500.0000024,g,0,0.026179938779914945
1.5000000000000036,84632140.54350004,4006634500.0000024,y,0,0
4.100000000000007,18807142.34300001,4006634500.0000024,r,0,0.026179938779914945
-0.5999999999999979,3371835349.723501,4006634500.0000024,u,0,0
2.800000000000005,98651354.65900004,4006634500.0000024,g,0,0
3.600000000000006,14399844.393000007,4006634500.0000024,r,0,0
3.600000000000006,18358399.279000007,4006634500.0000024,r,0,0.02181661564992912
4.200000000000006,74082671.90500003,4006634500.0000024,g,0,0.026179938779914945
2.9000000000000057,72648296.75400004,4006634500.0000024,y,0,0.026179938779914945
4.200000000000006,18807142.34300001,4006634500.0000024,r,0,0.026179938779914945
-0.09999999999999742,2529953295.3145013,4006634500.0000024,u,0,0.026179938779914945
1.600000000000004,84632140.54350004,4006634500.0000024,y,0,0
3.7000000000000064,0.0,4006634500.0000024,r,0,0
3.800000000000006,0,4006634500.0000024,r,0,0
3.9000000000000057,0,4006634500.0000024,r,0,0
4.000000000000006,0,4006634500.0000024,r,0,0
4.100000000000007,0,4006634500.0000024,r,0,0
4.200000000000006,0,4006634500.0000024,r,0,0
4.300000000000006,0,4006634500.0000024,r,0,0
4.400000000000007,0,4006634500.0000024,r,0,0
4.500000000000007,0,4006634500.0000024,r,0,0
4.600000000000007,0,4006634500.0000024,r,0,0
4.700000000000006,0,4006634500.0000024,r,0,0
4.800000000000007,0,4006634500.0000024,r,0,0
4.9000000000000075,0,4006634500.0000024,r,0,0
5.000000000000007,0,4006634500.0000024,r,0,0
5.100000000000007,0,4006634500.0000024,r,0,0
5.200000000000006,0,4006634500.0000024,r,0,0
5.300000000000008,0,4006634500.0000024,r,0,0
5.4000000000000075,0,4006634500.0000024,r,0,0
5.500000000000007,0,4006634500.0000024,r,0,0
5.6000000000000085,0,4006634500.0000024,r,0,0
5.700000000000008,0,4006634500.0000024,r,0,0
5.800000000000008,0,4006634500.0000024,r,0,0
5.9000000000000075,0,4006634500.0000024,r,0,0
6.000000000000007,0,4006634500.0000024,r,0,0
6.1000000000000085,0,4006634500.0000024,r,0,0
6.200000000000008,0,4006634500.0000024,r,0,0
6.300000000000008,0,4006634500.0000024,r,0,0
6.400000000000009,0,4006634500.0000024,r,0,0
6.500000000000009,0,4006634500.0000024,r,0,0
6.6000000000000085,0,4006634500.0000024,r,0,0
6.700000000000008,0,4006634500.0000024,r,0,0
6.800000000000008,0,4006634500.0000024,r,0,0
6.900000000000009,0,4006634500.0000024,r,0,0
7.000000000000009,0,4006634500.0000024,r,0,0
7.1000000000000085,0,4006634500.0000024,r,0,0
7.20000000000001,0,4006634500.0000024,r,0,0
7.30000000000001,0,4006634500.0000024,r,0,0
7.400000000000009,0,4006634500.0000024,r,0,0
7.500000000000009,0,4006634500.0000024,r,0,0
7.6000000000000085,0,4006634500.0000024,r,0,0
7.70000000000001,0,4006634500.0000024,r,0,0
7.80000000000001,0,4006634500.0000024,r,0,0
7.900000000000009,0,4006634500.0000024,r,0,0
8.00000000000001,0,4006634500.0000024,r,0,0
8.10000000000001,0,4006634500.0000024,r,0,0
8.20000000000001,0,4006634500.0000024,r,0,0
8.30000000000001,0,4006634500.0000024,r,0,0
8.40000000000001,0,4006634500.0000024,r,0,0
8.50000000000001,0,4006634500.0000024,r,0,0
8.60000000000001,0,4006634500.0000024,r,0,0
8.70000000000001,0,4006634500.0000024,r,0,0
8.800000000000011,0,4006634500.0000024,r,0,0
8.900000000000011,0,4006634500.0000024,r,0,0
9.00000000000001,0,4006634500.0000024,r,0,0
9.10000000000001,0,4006634500.0000024,r,0,0
9.20000000000001,0,4006634500.0000024,r,0,0
9.300000000000011,0,4006634500.0000024,r,0,0
9.400000000000011,0,4006634500.0000024,r,0,0
9.50000000000001,0,4006634500.0000024,r,0,0
9.600000000000012,0,4006634500.0000024,r,0,0
9.700000000000012,0,4006634500.0000024,r,0,0
9.800000000000011,0,4006634500.0000024,r,0,0
9.900000000000011,0,4006634500.0000024,r,0,0
10.00000000000001,0,4006634500.0000024,r,0,0
10.100000000000012,0,4006634500.0000024,r,0,0
10.200000000000012,0,4006634500.0000024,r,0,0
10.300000000000011,0,4006634500.0000024,r,0,0
10.400000000000013,0,4006634500.0000024,r,0,0
10.500000000000012,0,4006634500.0000024,r,0,0
10.600000000000012,0,4006634500.0000024,r,0,0
10.700000000000012,0,4006634500.0000024,r,0,0
10.800000000000011,0,4006634500.0000024,r,0,0
10.900000000000013,0,4006634500.0000024,r,0,0
11.000000000000012,0,4006634500.0000024,r,0,0
11.100000000000012,0,4006634500.0000024,r,0,0
11.200000000000014,0,4006634500.0000024,r,0,0
11.300000000000013,0,4006634500.0000024,r,0,0
11.400000000000013,0,4006634500.0000024,r,0,0
11.500000000000012,0,4006634500.0000024,r,0,0
11.600000000000012,0,4006634500.0000024,r,0,0
11.700000000000014,0,4006634500.0000024,r,0,0
11.800000000000013,0,4006634500.0000024,r,0,0
11.900000000000013,0,4006634500.0000024,r,0,0
12.000000000000014,0,4006634500.0000024,r,0,0
12.100000000000014,0,4006634500.0000024,r,0,0
3.7000000000000064,18358399.279000007,4006634500.0000024,r,0,0.02181661564992912
2.9000000000000057,98651354.65900004,4006634500.0000024,g,0,0
4.300000000000006,74082671.90500003,4006634500.0000024,g,0,0.026179938779914945
4.300000000000006,18807142.34300001,4006634500.0000024,r,0,0.026179938779914945
3.0000000000000053,72648296.75400004,4006634500.0000024,y,0,0.026179938779914945
3.800000000000006,18358399.279000007,4006634500.0000024,r,0,0.02181661564992912
4.400000000000007,74082671.90500003,4006634500.0000024,g,0,0.026179938779914945
3.0000000000000053,98651354.65900004,4006634500.0000024,g,0,0
4.400000000000007,18807142.34300001,4006634500.0000024,r,0,0.026179938779914945
1.7000000000000046,84632140.54350004,4006634500.0000024,y,0,0
-0.4999999999999978,3354162084.944002,4006634500.0000024,u,0,0
3.100000000000005,16611506.637000006,4006634500.0000024,y,0,0.026179938779914945
2.6645352591003757e-15,1592292643.1830008,4006634500.0000024,u,0,0.026179938779914945
3.9000000000000057,18358399.279000007,4006634500.0000024,r,0,0.02181661564992912
4.500000000000007,74082671.90500003,4006634500.0000024,g,0,0.026179938779914945
4.500000000000007,18807142.34300001,4006634500.0000024,r,0,0.026179938779914945
3.100000000000005,98651354.65900004,4006634500.0000024,g,0,0
3.2000000000000055,16611506.637000006,4006634500.0000024,y,0,0.026179938779914945
1.8000000000000043,84632140.54350004,4006634500.0000024,y,0,0
4.600000000000007,19600455.974000007,4006634500.0000024,g,0,0.026179938779914945
4.000000000000006,18358399.279000007,4006634500.0000024,r,0,0.02181661564992912
4.600000000000007,18807142.34300001,4006634500.0000024,r,0,0.026179938779914945
3.2000000000000055,98651354.65900004,4006634500.0000024,g,0,0
4.700000000000006,19600455.974000007,4006634500.0000024,g,0,0.026179938779914945
3.300000000000006,16611506.637000006,4006634500.0000024,y,0,0.026179938779914945
4.100000000000007,18358399.279000007,4006634500.0000024,r,0,0.02181661564992912
4.700000000000006,18807142.34300001,4006634500.0000024,r,0,0.026179938779914945
0.10000000000000275,1592292643.1830008,4006634500.0000024,u,0,0.026179938779914945
-0.3999999999999977,3092897462.468002,4006634500.0000024,u,0,0
1.900000000000004,84632140.54350004,4006634500.0000024,y,0,0
3.300000000000006,98651354.65900004,4006634500.0000024,g,0,0
4.800000000000007,19600455.974000007,4006634500.0000024,g,0,0.026179938779914945
4.200000000000006,18358399.279000007,4006634500.0000024,r,0,0.02181661564992912
3.4000000000000057,16611506.637000006,4006634500.0000024,y,0,0.026179938779914945
4.800000000000007,18807142.34300001,4006634500.0000024,r,0,0.026179938779914945
4.9000000000000075,19600455.974000007,4006634500.0000024,g,0,0.026179938779914945
2.0000000000000044,84632140.54350004,4006634500.0000024,y,0,0
3.4000000000000057,98651354.65900004,4006634500.0000024,g,0,0
4.300000000000006,18358399.279000007,4006634500.0000024,r,0,0.02181661564992912
4.9000000000000075,18807142.34300001,4006634500.0000024,r,0,0.026179938779914945
3.5000000000000053,16611506.637000006,4006634500.0000024,y,0,0.026179938779914945
0.20000000000000284,1562775766.8215008,4006634500.0000024,u,0,0.026179938779914945
5.000000000000007,19600455.974000007,4006634500.0000024,g,0,0.026179938779914945
-0.2999999999999976,2912783215.1550016,4006634500.0000024,u,0,0
5.000000000000007,18807142.34300001,4006634500.0000024,r,0,0.026179938779914945
3.5000000000000053,31772611.585000016,4006634500.0000024,g,0,0
4.400000000000007,18358399.279000007,4006634500.0000024,r,0,0.02181661564992912
2.100000000000005,84632140.54350004,4006634500.0000024,y,0,0
3.600000000000006,16611506.637000006,4006634500.0000024,y,0,0.026179938779914945
5.100000000000007,19600455.974000007,4006634500.0000024,g,0,0.026179938779914945
5.100000000000007,18807142.34300001,4006634500.0000024,r,0,0.026179938779914945
4.500000000000007,18358399.279000007,4006634500.0000024,r,0,0.02181661564992912
3.600000000000006,14419877.565500008,4006634500.0000024,g,0,0
3.7000000000000064,16611506.637000006,4006634500.0000024,y,0,0.026179938779914945
5.200000000000006,16595480.099000009,4006634500.0000024,g,0,0.026179938779914945
0.30000000000000293,1562775766.8215008,4006634500.0000024,u,0,0.026179938779914945
2.2000000000000046,84632140.54350004,4006634500.0000024,y,0,0
5.200000000000006,18807142.34300001,4006634500.0000024,r,0,0.026179938779914945
4.600000000000007,18358399.279000007,4006634500.0000024,r,0,0.02181661564992912
3.7000000000000064,14419877.565500008,4006634500.0000024,g,0,0
5.300000000000008,16595480.099000009,4006634500.0000024,g,0,0.026179938779914945
3.800000000000006,16611506.637000006,4006634500.0000024,y,0,0.026179938779914945
-0.1999999999999975,2677076914.1545014,4006634500.0000024,u,0,0
5.300000000000008,2179609.168000001,4006634500.0000024,r,0,0.026179938779914945
4.700000000000006,18358399.279000007,4006634500.0000024,r,0,0.02181661564992912
2.3000000000000043,84632140.54350004,4006634500.0000024,y,0,0
5.4000000000000075,16595480.099000009,4006634500.0000024,g,0,0.026179938779914945
3.800000000000006,14419877.565500008,4006634500.0000024,g,0,0
5.4000000000000075,2179609.168000001,4006634500.0000024,r,0,0.026179938779914945
3.9000000000000057,16611506.637000006,4006634500.0000024,y,0,0.026179938779914945
0.400000000000003,1562775766.8215008,4006634500.0000024,u,0,0.026179938779914945
4.800000000000007,18358399.279000007,4006634500.0000024,r,0,0.02181661564992912
5.500000000000007,16595480.099000009,4006634500.0000024,g,0,0.026179938779914945
3.9000000000000057,14419877.565500008,4006634500.0000024,g,0,0
5.500000000000007,2179609.168000001,4006634500.0000024,r,0,0.026179938779914945
2.400000000000005,84632140.54350004,4006634500.0000024,y,0,0
4.000000000000006,16611506.637000006,4006634500.0000024,y,0,0.026179938779914945
4.9000000000000075,18358399.279000007,4006634500.0000024,r,0,0.02181661564992912
5.6000000000000085,16595480.099000009,4006634500.0000024,g,0,0.026179938779914945
-0.09999999999999742,1829156861.554001,4006634500.0000024,u,0,0
5.6000000000000085,2179609.168000001,4006634500.0000024,r,0,0.026179938779914945
4.000000000000006,14419877.565500008,4006634500.0000024,g,0,0
5.000000000000007,18358399.279000007,4006634500.0000024,r,0,0.02181661564992912
4.100000000000007,16611506.637000006,4006634500.0000024,y,0,0.026179938779914945
0.5000000000000031,1562775766.8215008,4006634500.0000024,u,0,0.026179938779914945
2.5000000000000053,14383817.855000008,4006634500.0000024,y,0,0
5.700000000000008,16595480.099000009,4006634500.0000024,g,0,0.026179938779914945
5.700000000000008,0.0,4006634500.0000024,r,0,0.026179938779914945
5.800000000000008,0,4006634500.0000024,r,0,0.026179938779914945
5.9000000000000075,0,4006634500.0000024,r,0,0.026179938779914945
6.000000000000007,0,4006634500.0000024,r,0,0.026179938779914945
6.1000000000000085,0,4006634500.0000024,r,0,0.026179938779914945
6.200000000000008,0,4006634500.0000024,r,0,0.026179938779914945
6.300000000000008,0,4006634500.0000024,r,0,0.026179938779914945
6.400000000000009,0,4006634500.0000024,r,0,0.026179938779914945
6.500000000000009,0,4006634500.0000024,r,0,0.026179938779914945
6.6000000000000085,0,4006634500.0000024,r,0,0.026179938779914945
6.700000000000008,0,4006634500.0000024,r,0,0.026179938779914945
6.800000000000008,0,4006634500.0000024,r,0,0.026179938779914945
6.900000000000009,0,4006634500.0000024,r,0,0.026179938779914945
7.000000000000009,0,4006634500.0000024,r,0,0.026179938779914945
7.1000000000000085,0,4006634500.0000024,r,0,0.026179938779914945
7.20000000000001,0,4006634500.0000024,r,0,0.026179938779914945
7.30000000000001,0,4006634500.0000024,r,0,0.026179938779914945
7.400000000000009,0,4006634500.0000024,r,0,0.026179938779914945
7.500000000000009,0,4006634500.0000024,r,0,0.026179938779914945
7.6000000000000085,0,4006634500.0000024,r,0,0.026179938779914945
7.70000000000001,0,4006634500.0000024,r,0,0.026179938779914945
7.80000000000001,0,4006634500.0000024,r,0,0.026179938779914945
7.900000000000009,0,4006634500.0000024,r,0,0.026179938779914945
8.00000000000001,0,4006634500.0000024,r,0,0.026179938779914945
8.10000000000001,0,4006634500.0000024,r,0,0.026179938779914945
8.20000000000001,0,4006634500.0000024,r,0,0.026179938779914945
8.30000000000001,0,4006634500.0000024,r,0,0.026179938779914945
8.40000000000001,0,4006634500.0000024,r,0,0.026179938779914945
8.50000000000001,0,4006634500.0000024,r,0,0.026179938779914945
8.60000000000001,0,4006634500.0000024,r,0,0.026179938779914945
8.70000000000001,0,4006634500.0000024,r,0,0.026179938779914945
8.800000000000011,0,4006634500.0000024,r,0,0.026179938779914945
8.900000000000011,0,4006634500.0000024,r,0,0.026179938779914945
9.00000000000001,0,4006634500.0000024,r,0,0.026179938779914945
9.10000000000001,0,4006634500.0000024,r,0,0.026179938779914945
9.20000000000001,0,4006634500.0000024,r,0,0.026179938779914945
9.300000000000011,0,4006634500.0000024,r,0,0.026179938779914945
9.400000000000011,0,4006634500.0000024,r,0,0.026179938779914945
9.50000000000001,0,4006634500.0000024,r,0,0.026179938779914945
9.600000000000012,0,4006634500.0000024,r,0,0.026179938779914945
9.700000000000012,0,4006634500.0000024,r,0,0.026179938779914945
9.800000000000011,0,4006634500.0000024,r,0,0.026179938779914945
9.900000000000011,0,4006634500.0000024,r,0,0.026179938779914945
10.00000000000001,0,4006634500.0000024,r,0,0.026179938779914945
10.100000000000012,0,4006634500.0000024,r,0,0.026179938779914945
10.200000000000012,0,4006634500.0000024,r,0,0.026179938779914945
10.300000000000011,0,4006634500.0000024,r,0,0.026179938779914945
10.400000000000013,0,4006634500.0000024,r,0,0.026179938779914945
10.500000000000012,0,4006634500.0000024,r,0,0.026179938779914945
10.600000000000012,0,4006634500.0000024,r,0,0.026179938779914945
10.700000000000012,0,4006634500.0000024,r,0,0.026179938779914945
10.800000000000011,0,4006634500.0000024,r,0,0.026179938779914945
10.900000000000013,0,4006634500.0000024,r,0,0.026179938779914945
11.000000000000012,0,4006634500.0000024,r,0,0.026179938779914945
11.100000000000012,0,4006634500.0000024,r,0,0.026179938779914945
11.200000000000014,0,4006634500.0000024,r,0,0.026179938779914945
11.300000000000013,0,4006634500.0000024,r,0,0.026179938779914945
11.400000000000013,0,4006634500.0000024,r,0,0.026179938779914945
11.500000000000012,0,4006634500.0000024,r,0,0.026179938779914945
11.600000000000012,0,4006634500.0000024,r,0,0.026179938779914945
11.700000000000014,0,4006634500.0000024,r,0,0.026179938779914945
11.800000000000013,0,4006634500.0000024,r,0,0.026179938779914945
11.900000000000013,0,4006634500.0000024,r,0,0.026179938779914945
12.000000000000014,0,4006634500.0000024,r,0,0.026179938779914945
12.100000000000014,0,4006634500.0000024,r,0,0.026179938779914945
4.100000000000007,14419877.565500008,4006634500.0000024,g,0,0
5.100000000000007,18358399.279000007,4006634500.0000024,r,0,0.02181661564992912
4.200000000000006,16611506.637000006,4006634500.0000024,y,0,0.026179938779914945
5.800000000000008,16595480.099000009,4006634500.0000024,g,0,0.026179938779914945
2.600000000000005,14383817.855000008,4006634500.0000024,y,0,0
5.200000000000006,18358399.279000007,4006634500.0000024,r,0,0.02181661564992912
5.9000000000000075,16595480.099000009,4006634500.0000024,g,0,0.026179938779914945
2.6645352591003757e-15,1829156861.554001,4006634500.0000024,u,0,0
4.200000000000006,14419877.565500008,4006634500.0000024,g,0,0
4.300000000000006,16611506.637000006,4006634500.0000024,y,0,0.026179938779914945
0.6000000000000032,1437115688.9980006,4006634500.0000024,u,0,0.026179938779914945
5.300000000000008,2203648.975000001,4006634500.0000024,r,0,0.02181661564992912
6.000000000000007,16595480.099000009,4006634500.0000024,g,0,0.026179938779914945
2.7000000000000046,14383817.855000008,4006634500.0000024,y,0,0
4.300000000000006,14419877.565500008,4006634500.0000024,g,0,0
4.400000000000007,16611506.637000006,4006634500.0000024,y,0,0.026179938779914945
6.1000000000000085,0.0,4006634500.0000024,g,0,0.026179938779914945
6.200000000000008,0,4006634500.0000024,g,0,0.026179938779914945
6.300000000000008,0,4006634500.0000024,g,0,0.026179938779914945
6.400000000000009,0,4006634500.0000024,g,0,0.026179938779914945
6.500000000000009,0,4006634500.0000024,g,0,0.026179938779914945
6.6000000000000085,0,4006634500.0000024,g,0,0.026179938779914945
6.700000000000008,0,4006634500.0000024,g,0,0.026179938779914945
6.800000000000008,0,4006634500.0000024,g,0,0.026179938779914945
6.900000000000009,0,4006634500.0000024,g,0,0.026179938779914945
7.000000000000009,0,4006634500.0000024,g,0,0.026179938779914945
7.1000000000000085,0,4006634500.0000024,g,0,0.026179938779914945
7.20000000000001,0,4006634500.0000024,g,0,0.026179938779914945
7.30000000000001,0,4006634500.0000024,g,0,0.026179938779914945
7.400000000000009,0,4006634500.0000024,g,0,0.026179938779914945
7.500000000000009,0,4006634500.0000024,g,0,0.026179938779914945
7.6000000000000085,0,4006634500.0000024,g,0,0.026179938779914945
7.70000000000001,0,4006634500.0000024,g,0,0.026179938779914945
7.80000000000001,0,4006634500.0000024,g,0,0.026179938779914945
7.900000000000009,0,4006634500.0000024,g,0,0.026179938779914945
8.00000000000001,0,4006634500.0000024,g,0,0.026179938779914945
8.10000000000001,0,4006634500.0000024,g,0,0.026179938779914945
8.20000000000001,0,4006634500.0000024,g,0,0.026179938779914945
8.30000000000001,0,4006634500.0000024,g,0,0.026179938779914945
8.40000000000001,0,4006634500.0000024,g,0,0.026179938779914945
8.50000000000001,0,4006634500.0000024,g,0,0.026179938779914945
8.60000000000001,0,4006634500.0000024,g,0,0.026179938779914945
8.70000000000001,0,4006634500.0000024,g,0,0.026179938779914945
8.800000000000011,0,4006634500.0000024,g,0,0.026179938779914945
8.900000000000011,0,4006634500.0000024,g,0,0.026179938779914945
9.00000000000001,0,4006634500.0000024,g,0,0.026179938779914945
9.10000000000001,0,4006634500.0000024,g,0,0.026179938779914945
9.20000000000001,0,4006634500.0000024,g,0,0.026179938779914945
9.300000000000011,0,4006634500.0000024,g,0,0.026179938779914945
9.400000000000011,0,4006634500.0000024,g,0,0.026179938779914945
9.50000000000001,0,4006634500.0000024,g,0,0.026179938779914945
9.600000000000012,0,4006634500.0000024,g,0,0.026179938779914945
9.700000000000012,0,4006634500.0000024,g,0,0.026179938779914945
9.800000000000011,0,4006634500.0000024,g,0,0.026179938779914945
9.900000000000011,0,4006634500.0000024,g,0,0.026179938779914945
10.00000000000001,0,4006634500.0000024,g,0,0.026179938779914945
10.100000000000012,0,4006634500.0000024,g,0,0.026179938779914945
10.200000000000012,0,4006634500.0000024,g,0,0.026179938779914945
10.300000000000011,0,4006634500.0000024,g,0,0.026179938779914945
10.400000000000013,0,4006634500.0000024,g,0,0.026179938779914945
10.500000000000012,0,4006634500.0000024,g,0,0.026179938779914945
10.600000000000012,0,4006634500.0000024,g,0,0.026179938779914945
10.700000000000012,0,4006634500.0000024,g,0,0.026179938779914945
10.800000000000011,0,4006634500.0000024,g,0,0.026179938779914945
10.900000000000013,0,4006634500.0000024,g,0,0.026179938779914945
11.000000000000012,0,4006634500.0000024,g,0,0.026179938779914945
11.100000000000012,0,4006634500.0000024,g,0,0.026179938779914945
11.200000000000014,0,4006634500.0000024,g,0,0.026179938779914945
11.300000000000013,0,4006634500.0000024,g,0,0.026179938779914945
11.400000000000013,0,4006634500.0000024,g,0,0.026179938779914945
11.500000000000012,0,4006634500.0000024,g,0,0.026179938779914945
11.600000000000012,0,4006634500.0000024,g,0,0.026179938779914945
11.700000000000014,0,4006634500.0000024,g,0,0.026179938779914945
11.800000000000013,0,4006634500.0000024,g,0,0.026179938779914945
11.900000000000013,0,4006634500.0000024,g,0,0.026179938779914945
12.000000000000014,0,4006634500.0000024,g,0,0.026179938779914945
12.100000000000014,0,4006634500.0000024,g,0,0.026179938779914945
5.4000000000000075,2203648.975000001,4006634500.0000024,r,0,0.02181661564992912
4.400000000000007,14419877.565500008,4006634500.0000024,g,0,0
4.500000000000007,16611506.637000006,4006634500.0000024,y,0,0.026179938779914945
2.800000000000005,14383817.855000008,4006634500.0000024,y,0,0
0.7000000000000033,796999734.7400004,4006634500.0000024,u,0,0.026179938779914945
0.10000000000000275,1829156861.554001,4006634500.0000024,u,0,0
5.500000000000007,2203648.975000001,4006634500.0000024,r,0,0.02181661564992912
4.500000000000007,14419877.565500008,4006634500.0000024,g,0,0
4.600000000000007,0.0,4006634500.0000024,y,0,0.026179938779914945
4.700000000000006,0,4006634500.0000024,y,0,0.026179938779914945
4.800000000000007,0,4006634500.0000024,y,0,0.026179938779914945
4.9000000000000075,0,4006634500.0000024,y,0,0.026179938779914945
5.000000000000007,0,4006634500.0000024,y,0,0.026179938779914945
5.100000000000007,0,4006634500.0000024,y,0,0.026179938779914945
5.200000000000006,0,4006634500.0000024,y,0,0.026179938779914945
5.300000000000008,0,4006634500.0000024,y,0,0.026179938779914945
5.4000000000000075,0,4006634500.0000024,y,0,0.026179938779914945
5.500000000000007,0,4006634500.0000024,y,0,0.026179938779914945
5.6000000000000085,0,4006634500.0000024,y,0,0.026179938779914945
5.700000000000008,0,4006634500.0000024,y,0,0.026179938779914945
5.800000000000008,0,4006634500.0000024,y,0,0.026179938779914945
5.9000000000000075,0,4006634500.0000024,y,0,0.026179938779914945
6.000000000000007,0,4006634500.0000024,y,0,0.026179938779914945
6.1000000000000085,0,4006634500.0000024,y,0,0.026179938779914945
6.200000000000008,0,4006634500.0000024,y,0,0.026179938779914945
6.300000000000008,0,4006634500.0000024,y,0,0.026179938779914945
6.400000000000009,0,4006634500.0000024,y,0,0.026179938779914945
6.500000000000009,0,4006634500.0000024,y,0,0.026179938779914945
6.6000000000000085,0,4006634500.0000024,y,0,0.026179938779914945
6.700000000000008,0,4006634500.0000024,y,0,0.026179938779914945
6.800000000000008,0,4006634500.0000024,y,0,0.026179938779914945
6.900000000000009,0,4006634500.0000024,y,0,0.026179938779914945
7.000000000000009,0,4006634500.0000024,y,0,0.026179938779914945
7.1000000000000085,0,4006634500.0000024,y,0,0.026179938779914945
7.20000000000001,0,4006634500.0000024,y,0,0.026179938779914945
7.30000000000001,0,4006634500.0000024,y,0,0.026179938779914945
7.400000000000009,0,4006634500.0000024,y,0,0.026179938779914945
7.500000000000009,0,4006634500.0000024,y,0,0.026179938779914945
7.6000000000000085,0,4006634500.0000024,y,0,0.026179938779914945
7.70000000000001,0,4006634500.0000024,y,0,0.026179938779914945
7.80000000000001,0,4006634500.0000024,y,0,0.026179938779914945
7.900000000000009,0,4006634500.0000024,y,0,0.026179938779914945
8.00000000000001,0,4006634500.0000024,y,0,0.026179938779914945
8.10000000000001,0,4006634500.0000024,y,0,0.026179938779914945
8.20000000000001,0,4006634500.0000024,y,0,0.026179938779914945
8.30000000000001,0,4006634500.0000024,y,0,0.026179938779914945
8.40000000000001,0,4006634500.0000024,y,0,0.026179938779914945
8.50000000000001,0,4006634500.0000024,y,0,0.026179938779914945
8.60000000000001,0,4006634500.0000024,y,0,0.026179938779914945
8.70000000000001,0,4006634500.0000024,y,0,0.026179938779914945
8.800000000000011,0,4006634500.0000024,y,0,0.026179938779914945
8.900000000000011,0,4006634500.0000024,y,0,0.026179938779914945
9.00000000000001,0,4006634500.0000024,y,0,0.026179938779914945
9.10000000000001,0,4006634500.0000024,y,0,0.026179938779914945
9.20000000000001,0,4006634500.0000024,y,0,0.026179938779914945
9.300000000000011,0,4006634500.0000024,y,0,0.026179938779914945
9.400000000000011,0,4006634500.0000024,y,0,0.026179938779914945
9.50000000000001,0,4006634500.0000024,y,0,0.026179938779914945
9.600000000000012,0,4006634500.0000024,y,0,0.026179938779914945
9.700000000000012,0,4006634500.0000024,y,0,0.026179938779914945
9.800000000000011,0,4006634500.0000024,y,0,0.026179938779914945
9.900000000000011,0,4006634500.0000024,y,0,0.026179938779914945
10.00000000000001,0,4006634500.0000024,y,0,0.026179938779914945
10.100000000000012,0,4006634500.0000024,y,0,0.026179938779914945
10.200000000000012,0,4006634500.0000024,y,0,0.026179938779914945
10.300000000000011,0,4006634500.0000024,y,0,0.026179938779914945
10.400000000000013,0,4006634500.0000024,y,0,0.026179938779914945
10.500000000000012,0,4006634500.0000024,y,0,0.026179938779914945
10.600000000000012,0,4006634500.0000024,y,0,0.026179938779914945
10.700000000000012,0,4006634500.0000024,y,0,0.026179938779914945
10.800000000000011,0,4006634500.0000024,y,0,0.026179938779914945
10.900000000000013,0,4006634500.0000024,y,0,0.026179938779914945
11.000000000000012,0,4006634500.0000024,y,0,0.026179938779914945
11.100000000000012,0,4006634500.0000024,y,0,0.026179938779914945
11.200000000000014,0,4006634500.0000024,y,0,0.026179938779914945
11.300000000000013,0,4006634500.0000024,y,0,0.026179938779914945
11.400000000000013,0,4006634500.0000024,y,0,0.026179938779914945
11.500000000000012,0,4006634500.0000024,y,0,0.026179938779914945
11.600000000000012,0,4006634500.0000024,y,0,0.026179938779914945
11.700000000000014,0,4006634500.0000024,y,0,0.026179938779914945
11.800000000000013,0,4006634500.0000024,y,0,0.026179938779914945
11.900000000000013,0,4006634500.0000024,y,0,0.026179938779914945
12.000000000000014,0,4006634500.0000024,y,0,0.026179938779914945
12.100000000000014,0,4006634500.0000024,y,0,0.026179938779914945
5.6000000000000085,2203648.975000001,4006634500.0000024,r,0,0.02181661564992912
2.9000000000000057,14383817.855000008,4006634500.0000024,y,0,0
4.600000000000007,14419877.565500008,4006634500.0000024,g,0,0
0.8000000000000034,796999734.7400004,4006634500.0000024,u,0,0.026179938779914945
5.700000000000008,0.0,4006634500.0000024,r,0,0.02181661564992912
5.800000000000008,0,4006634500.0000024,r,0,0.02181661564992912
5.9000000000000075,0,4006634500.0000024,r,0,0.02181661564992912
6.000000000000007,0,4006634500.0000024,r,0,0.02181661564992912
6.1000000000000085,0,4006634500.0000024,r,0,0.02181661564992912
6.200000000000008,0,4006634500.0000024,r,0,0.02181661564992912
6.300000000000008,0,4006634500.0000024,r,0,0.02181661564992912
6.400000000000009,0,4006634500.0000024,r,0,0.02181661564992912
6.500000000000009,0,4006634500.0000024,r,0,0.02181661564992912
6.6000000000000085,0,4006634500.0000024,r,0,0.02181661564992912
6.700000000000008,0,4006634500.0000024,r,0,0.02181661564992912
6.800000000000008,0,4006634500.0000024,r,0,0.02181661564992912
6.900000000000009,0,4006634500.0000024,r,0,0.02181661564992912
7.000000000000009,0,4006634500.0000024,r,0,0.02181661564992912
7.1000000000000085,0,4006634500.0000024,r,0,0.02181661564992912
7.20000000000001,0,4006634500.0000024,r,0,0.02181661564992912
7.30000000000001,0,4006634500.0000024,r,0,0.02181661564992912
7.400000000000009,0,4006634500.0000024,r,0,0.02181661564992912
7.500000000000009,0,4006634500.0000024,r,0,0.02181661564992912
7.6000000000000085,0,4006634500.0000024,r,0,0.02181661564992912
7.70000000000001,0,4006634500.0000024,r,0,0.02181661564992912
7.80000000000001,0,4006634500.0000024,r,0,0.02181661564992912
7.900000000000009,0,4006634500.0000024,r,0,0.02181661564992912
8.00000000000001,0,4006634500.0000024,r,0,0.02181661564992912
8.10000000000001,0,4006634500.0000024,r,0,0.02181661564992912
8.20000000000001,0,4006634500.0000024,r,0,0.02181661564992912
8.30000000000001,0,4006634500.0000024,r,0,0.02181661564992912
8.40000000000001,0,4006634500.0000024,r,0,0.02181661564992912
8.50000000000001,0,4006634500.0000024,r,0,0.02181661564992912
8.60000000000001,0,4006634500.0000024,r,0,0.02181661564992912
8.70000000000001,0,4006634500.0000024,r,0,0.02181661564992912
8.800000000000011,0,4006634500.0000024,r,0,0.02181661564992912
8.900000000000011,0,4006634500.0000024,r,0,0.02181661564992912
9.00000000000001,0,4006634500.0000024,r,0,0.02181661564992912
9.10000000000001,0,4006634500.0000024,r,0,0.02181661564992912
9.20000000000001,0,4006634500.0000024,r,0,0.02181661564992912
9.300000000000011,0,4006634500.0000024,r,0,0.02181661564992912
9.400000000000011,0,4006634500.0000024,r,0,0.02181661564992912
9.50000000000001,0,4006634500.0000024,r,0,0.02181661564992912
9.600000000000012,0,4006634500.0000024,r,0,0.02181661564992912
9.700000000000012,0,4006634500.0000024,r,0,0.02181661564992912
9.800000000000011,0,4006634500.0000024,r,0,0.02181661564992912
9.900000000000011,0,4006634500.0000024,r,0,0.02181661564992912
10.00000000000001,0,4006634500.0000024,r,0,0.02181661564992912
10.100000000000012,0,4006634500.0000024,r,0,0.02181661564992912
10.200000000000012,0,4006634500.0000024,r,0,0.02181661564992912
10.300000000000011,0,4006634500.0000024,r,0,0.02181661564992912
10.400000000000013,0,4006634500.0000024,r,0,0.02181661564992912
10.500000000000012,0,4006634500.0000024,r,0,0.02181661564992912
10.600000000000012,0,4006634500.0000024,r,0,0.02181661564992912
10.700000000000012,0,4006634500.0000024,r,0,0.02181661564992912
10.800000000000011,0,4006634500.0000024,r,0,0.02181661564992912
10.900000000000013,0,4006634500.0000024,r,0,0.02181661564992912
11.000000000000012,0,4006634500.0000024,r,0,0.02181661564992912
11.100000000000012,0,4006634500.0000024,r,0,0.02181661564992912
11.200000000000014,0,4006634500.0000024,r,0,0.02181661564992912
11.300000000000013,0,4006634500.0000024,r,0,0.02181661564992912
11.400000000000013,0,4006634500.0000024,r,0,0.02181661564992912
11.500000000000012,0,4006634500.0000024,r,0,0.02181661564992912
11.600000000000012,0,4006634500.0000024,r,0,0.02181661564992912
11.700000000000014,0,4006634500.0000024,r,0,0.02181661564992912
11.800000000000013,0,4006634500.0000024,r,0,0.02181661564992912
11.900000000000013,0,4006634500.0000024,r,0,0.02181661564992912
12.000000000000014,0,4006634500.0000024,r,0,0.02181661564992912
12.100000000000014,0,4006634500.0000024,r,0,0.02181661564992912
0.20000000000000284,1625239198.6765008,4006634500.0000024,u,0,0
3.0000000000000053,14383817.855000008,4006634500.0000024,y,0,0
4.700000000000006,14419877.565500008,4006634500.0000024,g,0,0
3.100000000000005,14383817.855000008,4006634500.0000024,y,0,0
4.800000000000007,14419877.565500008,4006634500.0000024,g,0,0
0.9000000000000035,796999734.7400004,4006634500.0000024,u,0,0.026179938779914945
0.30000000000000293,1625239198.6765008,4006634500.0000024,u,0,0
4.9000000000000075,14419877.565500008,4006634500.0000024,g,0,0
3.2000000000000055,14383817.855000008,4006634500.0000024,y,0,0
1.0000000000000036,796999734.7400004,4006634500.0000024,u,0,0.026179938779914945
5.000000000000007,14419877.565500008,4006634500.0000024,g,0,0
3.300000000000006,14383817.855000008,4006634500.0000024,y,0,0
5.100000000000007,14419877.565500008,4006634500.0000024,g,0,0
0.400000000000003,1625239198.6765008,4006634500.0000024,u,0,0
3.4000000000000057,14383817.855000008,4006634500.0000024,y,0,0
1.1000000000000032,796999734.7400004,4006634500.0000024,u,0,0.026179938779914945
5.200000000000006,14419877.565500008,4006634500.0000024,g,0,0
5.300000000000008,14419877.565500008,4006634500.0000024,g,0,0
3.5000000000000053,14383817.855000008,4006634500.0000024,y,0,0
0.5000000000000031,1625239198.6765008,4006634500.0000024,u,0,0
1.2000000000000037,796999734.7400004,4006634500.0000024,u,0,0.026179938779914945
5.4000000000000075,0.0,4006634500.0000024,g,0,0
5.500000000000007,0,4006634500.0000024,g,0,0
5.6000000000000085,0,4006634500.0000024,g,0,0
5.700000000000008,0,4006634500.0000024,g,0,0
5.800000000000008,0,4006634500.0000024,g,0,0
5.9000000000000075,0,4006634500.0000024,g,0,0
6.000000000000007,0,4006634500.0000024,g,0,0
6.1000000000000085,0,4006634500.0000024,g,0,0
6.200000000000008,0,4006634500.0000024,g,0,0
6.300000000000008,0,4006634500.0000024,g,0,0
6.400000000000009,0,4006634500.0000024,g,0,0
6.500000000000009,0,4006634500.0000024,g,0,0
6.6000000000000085,0,4006634500.0000024,g,0,0
6.700000000000008,0,4006634500.0000024,g,0,0
6.800000000000008,0,4006634500.0000024,g,0,0
6.900000000000009,0,4006634500.0000024,g,0,0
7.000000000000009,0,4006634500.0000024,g,0,0
7.1000000000000085,0,4006634500.0000024,g,0,0
7.20000000000001,0,4006634500.0000024,g,0,0
7.30000000000001,0,4006634500.0000024,g,0,0
7.400000000000009,0,4006634500.0000024,g,0,0
7.500000000000009,0,4006634500.0000024,g,0,0
7.6000000000000085,0,4006634500.0000024,g,0,0
7.70000000000001,0,4006634500.0000024,g,0,0
7.80000000000001,0,4006634500.0000024,g,0,0
7.900000000000009,0,4006634500.0000024,g,0,0
8.00000000000001,0,4006634500.0000024,g,0,0
8.10000000000001,0,4006634500.0000024,g,0,0
8.20000000000001,0,4006634500.0000024,g,0,0
8.30000000000001,0,4006634500.0000024,g,0,0
8.40000000000001,0,4006634500.0000024,g,0,0
8.50000000000001,0,4006634500.0000024,g,0,0
8.60000000000001,0,4006634500.0000024,g,0,0
8.70000000000001,0,4006634500.0000024,g,0,0
8.800000000000011,0,4006634500.0000024,g,0,0
8.900000000000011,0,4006634500.0000024,g,0,0
9.00000000000001,0,4006634500.0000024,g,0,0
9.10000000000001,0,4006634500.0000024,g,0,0
9.20000000000001,0,4006634500.0000024,g,0,0
9.300000000000011,0,4006634500.0000024,g,0,0
9.400000000000011,0,4006634500.0000024,g,0,0
9.50000000000001,0,4006634500.0000024,g,0,0
9.600000000000012,0,4006634500.0000024,g,0,0
9.700000000000012,0,4006634500.0000024,g,0,0
9.800000000000011,0,4006634500.0000024,g,0,0
9.900000000000011,0,4006634500.0000024,g,0,0
10.00000000000001,0,4006634500.0000024,g,0,0
10.100000000000012,0,4006634500.0000024,g,0,0
10.200000000000012,0,4006634500.0000024,g,0,0
10.300000000000011,0,4006634500.0000024,g,0,0
10.400000000000013,0,4006634500.0000024,g,0,0
10.500000000000012,0,4006634500.0000024,g,0,0
10.600000000000012,0,4006634500.0000024,g,0,0
10.700000000000012,0,4006634500.0000024,g,0,0
10.800000000000011,0,4006634500.0000024,g,0,0
10.900000000000013,0,4006634500.0000024,g,0,0
11.000000000000012,0,4006634500.0000024,g,0,0
11.100000000000012,0,4006634500.0000024,g,0,0
11.200000000000014,0,4006634500.0000024,g,0,0
11.300000000000013,0,4006634500.0000024,g,0,0
11.400000000000013,0,4006634500.0000024,g,0,0
11.500000000000012,0,4006634500.0000024,g,0,0
11.600000000000012,0,4006634500.0000024,g,0,0
11.700000000000014,0,4006634500.0000024,g,0,0
11.800000000000013,0,4006634500.0000024,g,0,0
11.900000000000013,0,4006634500.0000024,g,0,0
12.000000000000014,0,4006634500.0000024,g,0,0
12.100000000000014,0,4006634500.0000024,g,0,0
3.600000000000006,14383817.855000008,4006634500.0000024,y,0,0
3.7000000000000064,14383817.855000008,4006634500.0000024,y,0,0
1.3000000000000043,374155556.1480002,4006634500.0000024,u,0,0.026179938779914945
0.6000000000000032,1531768422.4260008,4006634500.0000024,u,0,0
3.800000000000006,14383817.855000008,4006634500.0000024,y,0,0
1.400000000000004,374155556.1480002,4006634500.0000024,u,0,0.026179938779914945
3.9000000000000057,14383817.855000008,4006634500.0000024,y,0,0
0.7000000000000033,1531768422.4260008,4006634500.0000024,u,0,0
4.000000000000006,14383817.855000008,4006634500.0000024,y,0,0
1.5000000000000036,374155556.1480002,4006634500.0000024,u,0,0.026179938779914945
0.8000000000000034,1531768422.4260008,4006634500.0000024,u,0,0
4.100000000000007,14383817.855000008,4006634500.0000024,y,0,0
1.600000000000004,374155556.1480002,4006634500.0000024,u,0,0.026179938779914945
4.200000000000006,14383817.855000008,4006634500.0000024,y,0,0
0.9000000000000035,1531768422.4260008,4006634500.0000024,u,0,0
4.300000000000006,14383817.855000008,4006634500.0000024,y,0,0
1.7000000000000046,374155556.1480002,4006634500.0000024,u,0,0.026179938779914945
4.400000000000007,0.0,4006634500.0000024,y,0,0
4.500000000000007,0,4006634500.0000024,y,0,0
4.600000000000007,0,4006634500.0000024,y,0,0
4.700000000000006,0,4006634500.0000024,y,0,0
4.800000000000007,0,4006634500.0000024,y,0,0
4.9000000000000075,0,4006634500.0000024,y,0,0
5.000000000000007,0,4006634500.0000024,y,0,0
5.100000000000007,0,4006634500.0000024,y,0,0
5.200000000000006,0,4006634500.0000024,y,0,0
5.300000000000008,0,4006634500.0000024,y,0,0
5.4000000000000075,0,4006634500.0000024,y,0,0
5.500000000000007,0,4006634500.0000024,y,0,0
5.6000000000000085,0,4006634500.0000024,y,0,0
5.700000000000008,0,4006634500.0000024,y,0,0
5.800000000000008,0,4006634500.0000024,y,0,0
5.9000000000000075,0,4006634500.0000024,y,0,0
6.000000000000007,0,4006634500.0000024,y,0,0
6.1000000000000085,0,4006634500.0000024,y,0,0
6.200000000000008,0,4006634500.0000024,y,0,0
6.300000000000008,0,4006634500.0000024,y,0,0
6.400000000000009,0,4006634500.0000024,y,0,0
6.500000000000009,0,4006634500.0000024,y,0,0
6.6000000000000085,0,4006634500.0000024,y,0,0
6.700000000000008,0,4006634500.0000024,y,0,0
6.800000000000008,0,4006634500.0000024,y,0,0
6.900000000000009,0,4006634500.0000024,y,0,0
7.000000000000009,0,4006634500.0000024,y,0,0
7.1000000000000085,0,4006634500.0000024,y,0,0
7.20000000000001,0,4006634500.0000024,y,0,0
7.30000000000001,0,4006634500.0000024,y,0,0
7.400000000000009,0,4006634500.0000024,y,0,0
7.500000000000009,0,4006634500.0000024,y,0,0
7.6000000000000085,0,4006634500.0000024,y,0,0
7.70000000000001,0,4006634500.0000024,y,0,0
7.80000000000001,0,4006634500.0000024,y,0,0
7.900000000000009,0,4006634500.0000024,y,0,0
8.00000000000001,0,4006634500.0000024,y,0,0
8.10000000000001,0,4006634500.0000024,y,0,0
8.20000000000001,0,4006634500.0000024,y,0,0
8.30000000000001,0,4006634500.0000024,y,0,0
8.40000000000001,0,4006634500.0000024,y,0,0
8.50000000000001,0,4006634500.0000024,y,0,0
8.60000000000001,0,4006634500.0000024,y,0,0
8.70000000000001,0,4006634500.0000024,y,0,0
8.800000000000011,0,4006634500.0000024,y,0,0
8.900000000000011,0,4006634500.0000024,y,0,0
9.00000000000001,0,4006634500.0000024,y,0,0
9.10000000000001,0,4006634500.0000024,y,0,0
9.20000000000001,0,4006634500.0000024,y,0,0
9.300000000000011,0,4006634500.0000024,y,0,0
9.400000000000011,0,4006634500.0000024,y,0,0
9.50000000000001,0,4006634500.0000024,y,0,0
9.600000000000012,0,4006634500.0000024,y,0,0
9.700000000000012,0,4006634500.0000024,y,0,0
9.800000000000011,0,4006634500.0000024,y,0,0
9.900000000000011,0,4006634500.0000024,y,0,0
10.00000000000001,0,4006634500.0000024,y,0,0
10.100000000000012,0,4006634500.0000024,y,0,0
10.200000000000012,0,4006634500.0000024,y,0,0
10.300000000000011,0,4006634500.0000024,y,0,0
10.400000000000013,0,4006634500.0000024,y,0,0
10.500000000000012,0,4006634500.0000024,y,0,0
10.600000000000012,0,4006634500.0000024,y,0,0
10.700000000000012,0,4006634500.0000024,y,0,0
10.800000000000011,0,4006634500.0000024,y,0,0
10.900000000000013,0,4006634500.0000024,y,0,0
11.000000000000012,0,4006634500.0000024,y,0,0
11.100000000000012,0,4006634500.0000024,y,0,0
11.200000000000014,0,4006634500.0000024,y,0,0
11.300000000000013,0,4006634500.0000024,y,0,0
11.400000000000013,0,4006634500.0000024,y,0,0
11.500000000000012,0,4006634500.0000024,y,0,0
11.600000000000012,0,4006634500.0000024,y,0,0
11.700000000000014,0,4006634500.0000024,y,0,0
11.800000000000013,0,4006634500.0000024,y,0,0
11.900000000000013,0,4006634500.0000024,y,0,0
12.000000000000014,0,4006634500.0000024,y,0,0
12.100000000000014,0,4006634500.0000024,y,0,0
1.0000000000000036,1531768422.4260008,4006634500.0000024,u,0,0
1.8000000000000043,374155556.1480002,4006634500.0000024,u,0,0.026179938779914945
1.900000000000004,374155556.1480002,4006634500.0000024,u,0,0.026179938779914945
1.1000000000000032,1531768422.4260008,4006634500.0000024,u,0,0
2.0000000000000044,374155556.1480002,4006634500.0000024,u,0,0.026179938779914945
1.2000000000000037,1531768422.4260008,4006634500.0000024,u,0,0
2.100000000000005,374155556.1480002,4006634500.0000024,u,0,0.026179938779914945
1.3000000000000043,1531768422.4260008,4006634500.0000024,u,0,0
2.2000000000000046,374155556.1480002,4006634500.0000024,u,0,0.026179938779914945
1.400000000000004,356778782.3215002,4006634500.0000024,u,0,0
2.3000000000000043,374155556.1480002,4006634500.0000024,u,0,0.026179938779914945
1.5000000000000036,356778782.3215002,4006634500.0000024,u,0,0
2.400000000000005,374155556.1480002,4006634500.0000024,u,0,0.026179938779914945
2.5000000000000053,374155556.1480002,4006634500.0000024,u,0,0.026179938779914945
1.600000000000004,356778782.3215002,4006634500.0000024,u,0,0
2.600000000000005,374155556.1480002,4006634500.0000024,u,0,0.026179938779914945
1.7000000000000046,356778782.3215002,4006634500.0000024,u,0,0
2.7000000000000046,374155556.1480002,4006634500.0000024,u,0,0.026179938779914945
1.8000000000000043,356778782.3215002,4006634500.0000024,u,0,0
2.800000000000005,374155556.1480002,4006634500.0000024,u,0,0.026179938779914945
1.900000000000004,356778782.3215002,4006634500.0000024,u,0,0
2.9000000000000057,361606776.8940002,4006634500.0000024,u,0,0.026179938779914945
2.0000000000000044,356778782.3215002,4006634500.0000024,u,0,0
3.0000000000000053,358024845.6510002,4006634500.0000024,u,0,0.026179938779914945
3.100000000000005,358024845.6510002,4006634500.0000024,u,0,0.026179938779914945
2.100000000000005,356778782.3215002,4006634500.0000024,u,0,0
3.2000000000000055,345419973.51400024,4006634500.0000024,u,0,0.026179938779914945
2.2000000000000046,356778782.3215002,4006634500.0000024,u,0,0
3.300000000000006,345419973.51400024,4006634500.0000024,u,0,0.026179938779914945
2.3000000000000043,356778782.3215002,4006634500.0000024,u,0,0
3.4000000000000057,345419973.51400024,4006634500.0000024,u,0,0.026179938779914945
2.400000000000005,356778782.3215002,4006634500.0000024,u,0,0
3.5000000000000053,345419973.51400024,4006634500.0000024,u,0,0.026179938779914945
2.5000000000000053,356778782.3215002,4006634500.0000024,u,0,0
3.600000000000006,345419973.51400024,4006634500.0000024,u,0,0.026179938779914945
3.7000000000000064,345419973.51400024,4006634500.0000024,u,0,0.026179938779914945
2.600000000000005,356778782.3215002,4006634500.0000024,u,0,0
3.800000000000006,345419973.51400024,4006634500.0000024,u,0,0.026179938779914945
2.7000000000000046,356778782.3215002,4006634500.0000024,u,0,0
3.9000000000000057,345419973.51400024,4006634500.0000024,u,0,0.026179938779914945
2.800000000000005,356778782.3215002,4006634500.0000024,u,0,0
4.000000000000006,256560833.57300013,4006634500.0000024,u,0,0.026179938779914945
2.9000000000000057,356778782.3215002,4006634500.0000024,u,0,0
4.100000000000007,252874729.83300012,4006634500.0000024,u,0,0.026179938779914945
3.0000000000000053,356778782.3215002,4006634500.0000024,u,0,0
4.200000000000006,252874729.83300012,4006634500.0000024,u,0,0.026179938779914945
4.300000000000006,252874729.83300012,4006634500.0000024,u,0,0.026179938779914945
3.100000000000005,356778782.3215002,4006634500.0000024,u,0,0
4.400000000000007,204105974.69900012,4006634500.0000024,u,0,0.026179938779914945
3.2000000000000055,356778782.3215002,4006634500.0000024,u,0,0
4.500000000000007,204105974.69900012,4006634500.0000024,u,0,0.026179938779914945
3.300000000000006,356778782.3215002,4006634500.0000024,u,0,0
4.600000000000007,204105974.69900012,4006634500.0000024,u,0,0.026179938779914945
3.4000000000000057,356778782.3215002,4006634500.0000024,u,0,0
4.700000000000006,204105974.69900012,4006634500.0000024,u,0,0.026179938779914945
3.5000000000000053,356778782.3215002,4006634500.0000024,u,0,0
4.800000000000007,20225490.956000008,4006634500.0000024,u,0,0.026179938779914945
4.9000000000000075,20225490.956000008,4006634500.0000024,u,0,0.026179938779914945
3.600000000000006,300894244.31550014,4006634500.0000024,u,0,0
5.000000000000007,20225490.956000008,4006634500.0000024,u,0,0.026179938779914945
3.7000000000000064,300894244.31550014,4006634500.0000024,u,0,0
5.100000000000007,20225490.956000008,4006634500.0000024,u,0,0.026179938779914945
3.800000000000006,300894244.31550014,4006634500.0000024,u,0,0
5.200000000000006,20225490.956000008,4006634500.0000024,u,0,0.026179938779914945
3.9000000000000057,300894244.31550014,4006634500.0000024,u,0,0
5.300000000000008,20225490.956000008,4006634500.0000024,u,0,0.026179938779914945
5.4000000000000075,20225490.956000008,4006634500.0000024,u,0,0.026179938779914945
4.000000000000006,300894244.31550014,4006634500.0000024,u,0,0
5.500000000000007,20225490.956000008,4006634500.0000024,u,0,0.026179938779914945
4.100000000000007,300894244.31550014,4006634500.0000024,u,0,0
5.6000000000000085,20225490.956000008,4006634500.0000024,u,0,0.026179938779914945
4.200000000000006,300894244.31550014,4006634500.0000024,u,0,0
5.700000000000008,20225490.956000008,4006634500.0000024,u,0,0.026179938779914945
4.300000000000006,284863699.6810001,4006634500.0000024,u,0,0
5.800000000000008,4407297.950000002,4006634500.0000024,u,0,0.026179938779914945
4.400000000000007,195503730.4275001,4006634500.0000024,u,0,0
5.9000000000000075,4407297.950000002,4006634500.0000024,u,0,0.026179938779914945
6.000000000000007,4407297.950000002,4006634500.0000024,u,0,0.026179938779914945
4.500000000000007,195503730.4275001,4006634500.0000024,u,0,0
6.1000000000000085,4407297.950000002,4006634500.0000024,u,0,0.026179938779914945
4.600000000000007,14451930.641500007,4006634500.0000024,u,0,0
6.200000000000008,4407297.950000002,4006634500.0000024,u,0,0.026179938779914945
4.700000000000006,14451930.641500007,4006634500.0000024,u,0,0
6.300000000000008,4407297.950000002,4006634500.0000024,u,0,0.026179938779914945
4.800000000000007,14451930.641500007,4006634500.0000024,u,0,0
6.400000000000009,4407297.950000002,4006634500.0000024,u,0,0.026179938779914945
4.9000000000000075,14451930.641500007,4006634500.0000024,u,0,0
6.500000000000009,4407297.950000002,4006634500.0000024,u,0,0.026179938779914945
6.6000000000000085,4407297.950000002,4006634500.0000024,u,0,0.026179938779914945
5.000000000000007,14451930.641500007,4006634500.0000024,u,0,0
6.700000000000008,4407297.950000002,4006634500.0000024,u,0,0.026179938779914945
5.100000000000007,14451930.641500007,4006634500.0000024,u,0,0
6.800000000000008,4407297.950000002,4006634500.0000024,u,0,0.026179938779914945
5.200000000000006,14451930.641500007,4006634500.0000024,u,0,0
6.900000000000009,4407297.950000002,4006634500.0000024,u,0,0.026179938779914945
5.300000000000008,14451930.641500007,4006634500.0000024,u,0,0
7.000000000000009,4407297.950000002,4006634500.0000024,u,0,0.026179938779914945
5.4000000000000075,14451930.641500007,4006634500.0000024,u,0,0
7.1000000000000085,4407297.950000002,4006634500.0000024,u,0,0.026179938779914945
7.20000000000001,4407297.950000002,4006634500.0000024,u,0,0.026179938779914945
5.500000000000007,0.0,4006634500.0000024,u,0,0
5.6000000000000085,0,4006634500.0000024,u,0,0
5.700000000000008,0,4006634500.0000024,u,0,0
5.800000000000008,0,4006634500.0000024,u,0,0
5.9000000000000075,0,4006634500.0000024,u,0,0
6.000000000000007,0,4006634500.0000024,u,0,0
6.1000000000000085,0,4006634500.0000024,u,0,0
6.200000000000008,0,4006634500.0000024,u,0,0
6.300000000000008,0,4006634500.0000024,u,0,0
6.400000000000009,0,4006634500.0000024,u,0,0
6.500000000000009,0,4006634500.0000024,u,0,0
6.6000000000000085,0,4006634500.0000024,u,0,0
6.700000000000008,0,4006634500.0000024,u,0,0
6.800000000000008,0,4006634500.0000024,u,0,0
6.900000000000009,0,4006634500.0000024,u,0,0
7.000000000000009,0,4006634500.0000024,u,0,0
7.1000000000000085,0,4006634500.0000024,u,0,0
7.20000000000001,0,4006634500.0000024,u,0,0
7.30000000000001,0,4006634500.0000024,u,0,0
7.400000000000009,0,4006634500.0000024,u,0,0
7.500000000000009,0,4006634500.0000024,u,0,0
7.6000000000000085,0,4006634500.0000024,u,0,0
7.70000000000001,0,4006634500.0000024,u,0,0
7.80000000000001,0,4006634500.0000024,u,0,0
7.900000000000009,0,4006634500.0000024,u,0,0
8.00000000000001,0,4006634500.0000024,u,0,0
8.10000000000001,0,4006634500.0000024,u,0,0
8.20000000000001,0,4006634500.0000024,u,0,0
8.30000000000001,0,4006634500.0000024,u,0,0
8.40000000000001,0,4006634500.0000024,u,0,0
8.50000000000001,0,4006634500.0000024,u,0,0
8.60000000000001,0,4006634500.0000024,u,0,0
8.70000000000001,0,4006634500.0000024,u,0,0
8.800000000000011,0,4006634500.0000024,u,0,0
8.900000000000011,0,4006634500.0000024,u,0,0
9.00000000000001,0,4006634500.0000024,u,0,0
9.10000000000001,0,4006634500.0000024,u,0,0
9.20000000000001,0,4006634500.0000024,u,0,0
9.300000000000011,0,4006634500.0000024,u,0,0
9.400000000000011,0,4006634500.0000024,u,0,0
9.50000000000001,0,4006634500.0000024,u,0,0
9.600000000000012,0,4006634500.0000024,u,0,0
9.700000000000012,0,4006634500.0000024,u,0,0
9.800000000000011,0,4006634500.0000024,u,0,0
9.900000000000011,0,4006634500.0000024,u,0,0
10.00000000000001,0,4006634500.0000024,u,0,0
10.100000000000012,0,4006634500.0000024,u,0,0
10.200000000000012,0,4006634500.0000024,u,0,0
10.300000000000011,0,4006634500.0000024,u,0,0
10.400000000000013,0,4006634500.0000024,u,0,0
10.500000000000012,0,4006634500.0000024,u,0,0
10.600000000000012,0,4006634500.0000024,u,0,0
10.700000000000012,0,4006634500.0000024,u,0,0
10.800000000000011,0,4006634500.0000024,u,0,0
10.900000000000013,0,4006634500.0000024,u,0,0
11.000000000000012,0,4006634500.0000024,u,0,0
11.100000000000012,0,4006634500.0000024,u,0,0
11.200000000000014,0,4006634500.0000024,u,0,0
11.300000000000013,0,4006634500.0000024,u,0,0
11.400000000000013,0,4006634500.0000024,u,0,0
11.500000000000012,0,4006634500.0000024,u,0,0
11.600000000000012,0,4006634500.0000024,u,0,0
11.700000000000014,0,4006634500.0000024,u,0,0
11.800000000000013,0,4006634500.0000024,u,0,0
11.900000000000013,0,4006634500.0000024,u,0,0
12.000000000000014,0,4006634500.0000024,u,0,0
12.100000000000014,0,4006634500.0000024,u,0,0
7.30000000000001,4407297.950000002,4006634500.0000024,u,0,0.026179938779914945
7.400000000000009,4407297.950000002,4006634500.0000024,u,0,0.026179938779914945
7.500000000000009,4407297.950000002,4006634500.0000024,u,0,0.026179938779914945
7.6000000000000085,4407297.950000002,4006634500.0000024,u,0,0.026179938779914945
7.70000000000001,0.0,4006634500.0000024,u,0,0.026179938779914945
7.80000000000001,0,4006634500.0000024,u,0,0.026179938779914945
7.900000000000009,0,4006634500.0000024,u,0,0.026179938779914945
8.00000000000001,0,4006634500.0000024,u,0,0.026179938779914945
8.10000000000001,0,4006634500.0000024,u,0,0.026179938779914945
8.20000000000001,0,4006634500.0000024,u,0,0.026179938779914945
8.30000000000001,0,4006634500.0000024,u,0,0.026179938779914945
8.40000000000001,0,4006634500.0000024,u,0,0.026179938779914945
8.50000000000001,0,4006634500.0000024,u,0,0.026179938779914945
8.60000000000001,0,4006634500.0000024,u,0,0.026179938779914945
8.70000000000001,0,4006634500.0000024,u,0,0.026179938779914945
8.800000000000011,0,4006634500.0000024,u,0,0.026179938779914945
8.900000000000011,0,4006634500.0000024,u,0,0.026179938779914945
9.00000000000001,0,4006634500.0000024,u,0,0.026179938779914945
9.10000000000001,0,4006634500.0000024,u,0,0.026179938779914945
9.20000000000001,0,4006634500.0000024,u,0,0.026179938779914945
9.300000000000011,0,4006634500.0000024,u,0,0.026179938779914945
9.400000000000011,0,4006634500.0000024,u,0,0.026179938779914945
9.50000000000001,0,4006634500.0000024,u,0,0.026179938779914945
9.600000000000012,0,4006634500.0000024,u,0,0.026179938779914945
9.700000000000012,0,4006634500.0000024,u,0,0.026179938779914945
9.800000000000011,0,4006634500.0000024,u,0,0.026179938779914945
9.900000000000011,0,4006634500.0000024,u,0,0.026179938779914945
10.00000000000001,0,4006634500.0000024,u,0,0.026179938779914945
10.100000000000012,0,4006634500.0000024,u,0,0.026179938779914945
10.200000000000012,0,4006634500.0000024,u,0,0.026179938779914945
10.300000000000011,0,4006634500.0000024,u,0,0.026179938779914945
10.400000000000013,0,4006634500.0000024,u,0,0.026179938779914945
10.500000000000012,0,4006634500.0000024,u,0,0.026179938779914945
10.600000000000012,0,4006634500.0000024,u,0,0.026179938779914945
10.700000000000012,0,4006634500.0000024,u,0,0.026179938779914945
10.800000000000011,0,4006634500.0000024,u,0,0.026179938779914945
10.900000000000013,0,4006634500.0000024,u,0,0.026179938779914945
11.000000000000012,0,4006634500.0000024,u,0,0.026179938779914945
11.100000000000012,0,4006634500.0000024,u,0,0.026179938779914945
11.200000000000014,0,4006634500.0000024,u,0,0.026179938779914945
11.300000000000013,0,4006634500.0000024,u,0,0.026179938779914945
11.400000000000013,0,4006634500.0000024,u,0,0.026179938779914945
11.500000000000012,0,4006634500.0000024,u,0,0.026179938779914945
11.600000000000012,0,4006634500.0000024,u,0,0.026179938779914945
11.700000000000014,0,4006634500.0000024,u,0,0.026179938779914945
11.800000000000013,0,4006634500.0000024,u,0,0.026179938779914945
11.900000000000013,0,4006634500.0000024,u,0,0.026179938779914945
12.000000000000014,0,4006634500.0000024,u,0,0.026179938779914945
12.100000000000014,0,4006634500.0000024,u,0,0.026179938779914945
