visit,impacted_area,total_area,band
2025071800519,0.0,4006634500.0000014,i
2025071800520,0.0,4006634500.0000014,i
2025071800522,0.0,4006634500.0000014,i
2025071800524,0.0,4006634500.0000014,i
2025071800525,0.0,4006634500.0000014,i
2025071800526,16006504.827500008,4006634500.0000014,i
2025071800527,18406478.89300001,4006634500.0000014,i
2025071800528,0.0,4006634500.0000014,i
2025071800529,17937702.656500008,4006634500.0000014,i
2025071900276,0.0,4006634500.0000014,u
2025071900277,4407297.950000002,4006634500.0000014,u
2025071900278,119646119.43900006,4006634500.0000014,u
2025071900279,0.0,4006634500.0000014,u
2025071900280,693917042.3240004,4006634500.0000014,u
2025071900281,15481635.708000006,4006634500.0000014,u
2025071900283,206521975.3025001,4006634500.0000014,u
2025071900284,169664944.53700012,4006634500.0000014,u
2025071900287,19732674.91250001,4006634500.0000014,g
2025071900288,0.0,4006634500.0000014,g
2025071900291,0.0,4006634500.0000014,g
2025071900292,0.0,4006634500.0000014,g
2025071900293,109485294.34700006,4006634500.0000014,g
2025071900294,64995624.85900004,4006634500.0000014,g
2025071900296,38047001.21200002,4006634500.0000014,g
2025071900393,8554164.657500004,4006634500.0000014,u
2025071900394,8550158.023000004,4006634500.0000014,u
2025071900395,8550158.023000004,4006634500.0000014,u
2025071900396,8574197.830000004,4006634500.0000014,u
2025071900397,8594231.002500003,4006634500.0000014,u
2025071900398,8594231.002500003,4006634500.0000014,u
2025071900418,19376084.44200001,4006634500.0000014,g
2025090200363,,4006634500.0000014,i
2025090200364,,4006634500.0000014,i
2025090200365,,4006634500.0000014,i
2025090200366,,4006634500.0000014,i
2025090200367,,4006634500.0000014,g
2025090200368,,4006634500.0000014,g
2025090200369,,4006634500.0000014,g
2025090200370,,4006634500.0000014,g
2025090200371,,4006634500.0000014,g
2025090400085,,4006634500.0000014,r
2025090400086,,4006634500.0000014,r
2025090400087,,4006634500.0000014,r
2025090400088,,4006634500.0000014,r
2025090400089,,4006634500.0000014,r
2025090400090,,4006634500.0000014,r
2025090400091,,4006634500.0000014,r
2025090400092,,4006634500.0000014,r
2025090400093,,4006634500.0000014,z
2025090400094,,4006634500.0000014,z
2025090400095,,4006634500.0000014,z
2025090400096,,4006634500.0000014,z
2025090400097,,4006634500.0000014,z
2025090400098,,4006634500.0000014,z
2025090400099,,4006634500.0000014,z
2025090400100,,4006634500.0000014,z
2025090400101,,4006634500.0000014,z
2025090400102,,4006634500.0000014,r
2025090400103,,4006634500.0000014,r
2025090400104,,4006634500.0000014,r
2025090400109,,4006634500.0000014,r
2025080900308,0.0,4006634500.0000014,i
2025080900309,0.0,4006634500.0000014,i
2025080900310,103411236.44500004,4006634500.0000014,i
2025080900311,0.0,4006634500.0000014,i
2025080900312,80841864.30650003,4006634500.0000014,i
2025080900313,0.0,4006634500.0000014,i
2025080900314,0.0,4006634500.0000014,z
2025080900315,67800269.00900003,4006634500.0000014,z
2025080900316,83606442.11150005,4006634500.0000014,z
2025080900317,0.0,4006634500.0000014,z
2025080900318,0.0,4006634500.0000014,z
2025080900319,0.0,4006634500.0000014,z
2025080900320,16018524.731000008,4006634500.0000014,z
2025080900321,0.0,4006634500.0000014,z
2025080900322,0.0,4006634500.0000014,z
2025080900323,0.0,4006634500.0000014,z
2025080900324,55151323.89250002,4006634500.0000014,z
2025080900325,0.0,4006634500.0000014,z
2025080900326,0.0,4006634500.0000014,z
2025080900327,0.0,4006634500.0000014,z
2025080900328,0.0,4006634500.0000014,z
2025080900329,0.0,4006634500.0000014,z
2025080900330,0.0,4006634500.0000014,z
2025080900331,0.0,4006634500.0000014,z
2025080900332,0.0,4006634500.0000014,z
2025080900333,0.0,4006634500.0000014,z
2025080900334,0.0,4006634500.0000014,z
2025080900335,0.0,4006634500.0000014,z
2025080900336,0.0,4006634500.0000014,z
2025080900337,0.0,4006634500.0000014,z
2025080900338,0.0,4006634500.0000014,z
2025071700255,2175602.5335000013,4006634500.0000014,r
2025071700256,2235702.0510000014,4006634500.0000014,r
2025071700257,2251728.589000001,4006634500.0000014,r
2025071700258,26836437.88100001,4006634500.0000014,r
2025071700259,4503457.178000002,4006634500.0000014,r
2025071700260,4311138.722000002,4006634500.0000014,r
2025071700261,2179609.168000001,4006634500.0000014,r
2025071700265,2083449.9400000009,4006634500.0000014,r
2025071700266,20962711.70400001,4006634500.0000014,r
2025071700267,69511101.94050002,4006634500.0000014,r
2025071700268,1270103.1365000007,4006634500.0000014,r
2025071700269,26407727.98950001,4006634500.0000014,r
2025071700270,6530814.235000002,4006634500.0000014,r
2025071700345,0.0,4006634500.0000014,g
2025071700346,,4006634500.0000014,g
2025071700347,0.0,4006634500.0000014,g
2025071700348,0.0,4006634500.0000014,g
2025071700349,0.0,4006634500.0000014,i
2025071700350,0.0,4006634500.0000014,i
2025071700351,0.0,4006634500.0000014,i
2025071700352,0.0,4006634500.0000014,i
2025071700365,80861897.47900003,4006634500.0000014,r
2025071700435,4399284.681000002,4006634500.0000014,r
2025071700438,0.0,4006634500.0000014,r
2025071700474,0.0,4006634500.0000014,i
2025071700477,0.0,4006634500.0000014,i
2025071700590,0.0,4006634500.0000014,g
2025071700591,,4006634500.0000014,g
2025071700592,0.0,4006634500.0000014,g
2025071700593,0.0,4006634500.0000014,g
2025071700594,0.0,4006634500.0000014,g
2025072300561,4415311.219000002,4006634500.0000014,r
2025072300562,4303125.453000003,4006634500.0000014,r
2025072300563,75244595.91000004,4006634500.0000014,r
2025072300564,2179609.168000001,4006634500.0000014,r
2025072300565,77011521.72450003,4006634500.0000014,r
2025072300566,0.0,4006634500.0000014,r
2025072300567,2215668.878500001,4006634500.0000014,r
2025072300568,0.0,4006634500.0000014,r
2025072300569,2207655.609500001,4006634500.0000014,r
2025072300570,2119509.650500001,4006634500.0000014,r
2025072300571,0.0,4006634500.0000014,r
2025072300572,2179609.168000001,4006634500.0000014,r
2025072300573,2219675.513000001,4006634500.0000014,r
2025072300574,1522521.1100000008,4006634500.0000014,r
2025072300575,280901138.1605001,4006634500.0000014,r
2025072300576,0.0,4006634500.0000014,r
2025072300577,83602435.47700003,4006634500.0000014,r
2025072300578,15822199.640500003,4006634500.0000014,r
2025072300579,12484673.102000006,4006634500.0000014,u
2025072300580,351638270.2580002,4006634500.0000014,u
2025072300581,580180708.7725003,4006634500.0000014,u
2025072300582,24833120.63100001,4006634500.0000014,u
2025072300583,24861167.072500013,4006634500.0000014,u
2025072300584,8930788.300500004,4006634500.0000014,u
2025072300585,24332291.318500016,4006634500.0000014,u
2025072300586,8834629.072500005,4006634500.0000014,u
2025072300587,,4006634500.0000014,u
2025072300588,,4006634500.0000014,u
2025072300589,,4006634500.0000014,u
2025072800361,0.0,4006634500.0000014,z
2025072800362,0.0,4006634500.0000014,z
2025072100317,0.0,4006634500.0000014,i
2025072100318,0.0,4006634500.0000014,i
2025072100319,0.0,4006634500.0000014,i
2025072100320,0.0,4006634500.0000014,i
2025072100321,6614953.559500003,4006634500.0000014,u
2025072100322,6634986.732000004,4006634500.0000014,u
2025072100323,6643000.001000003,4006634500.0000014,u
2025072100324,6634986.732000004,4006634500.0000014,u
2025072100343,8830622.438000005,4006634500.0000014,u
2025072100348,801515211.8215004,4006634500.0000014,u
2025072100349,9083040.411500003,4006634500.0000014,u
2025072100517,,4006634500.0000014,u
2025072100518,,4006634500.0000014,u
2025072100519,305017071.21600014,4006634500.0000014,u
2025072100520,310958910.1795001,4006634500.0000014,u
2025072100521,310786624.89600015,4006634500.0000014,u
2025072100522,310606326.34350014,4006634500.0000014,u
2025072100523,310718512.10950017,4006634500.0000014,u
2025072100524,0.0,4006634500.0000014,g
2025072100525,0.0,4006634500.0000014,g
2025072100526,0.0,4006634500.0000014,g
2025072100527,0.0,4006634500.0000014,g
2025072100528,0.0,4006634500.0000014,g
2025072100529,0.0,4006634500.0000014,g
2025072100530,0.0,4006634500.0000014,i
2025072100531,0.0,4006634500.0000014,i
2025072100532,0.0,4006634500.0000014,i
2025072100533,0.0,4006634500.0000014,i
2025072100534,0.0,4006634500.0000014,i
2025072100535,0.0,4006634500.0000014,i
2025072100536,0.0,4006634500.0000014,i
2025072100173,,4006634500.0000014,i
2025072100174,,4006634500.0000014,i
2025072100175,,4006634500.0000014,i
2025072100176,,4006634500.0000014,i
2025072100178,,4006634500.0000014,i
2025072100179,,4006634500.0000014,i
2025072100180,,4006634500.0000014,i
2025072100181,,4006634500.0000014,i
2025072100182,,4006634500.0000014,i
2025072100183,,4006634500.0000014,i
2025072100191,0.0,4006634500.0000014,i
2025072100193,0.0,4006634500.0000014,i
2025072100194,1726859.4695000008,4006634500.0000014,i
2025072100198,43219566.35150002,4006634500.0000014,i
2025072100199,0.0,4006634500.0000014,i
2025072100200,0.0,4006634500.0000014,i
2025072100201,0.0,4006634500.0000014,i
2025072100202,0.0,4006634500.0000014,i
2025072100203,0.0,4006634500.0000014,i
2025072100204,1706826.297000001,4006634500.0000014,i
2025072100205,0.0,4006634500.0000014,z
2025072100206,0.0,4006634500.0000014,z
2025072100207,0.0,4006634500.0000014,z
2025072100210,0.0,4006634500.0000014,z
2025072100211,0.0,4006634500.0000014,z
2025072100212,0.0,4006634500.0000014,z
2025072100213,0.0,4006634500.0000014,z
2025072100214,0.0,4006634500.0000014,z
2025072100215,0.0,4006634500.0000014,z
2025072100216,0.0,4006634500.0000014,z
2025072100217,0.0,4006634500.0000014,z
2025060900619,,4006634500.0000014,z
2025060900620,,4006634500.0000014,z
2025060900621,,4006634500.0000014,z
2025060900622,,4006634500.0000014,z
2025060900623,,4006634500.0000014,z
2025060900624,,4006634500.0000014,z
2025060900625,,4006634500.0000014,z
2025060900626,,4006634500.0000014,z
2025060900627,,4006634500.0000014,z
2025060900628,,4006634500.0000014,z
2025060900629,,4006634500.0000014,z
2025060900630,,4006634500.0000014,z
2025060900631,,4006634500.0000014,z
2025060900632,,4006634500.0000014,z
2025060900633,,4006634500.0000014,z
2025060900634,,4006634500.0000014,z
2025060900635,,4006634500.0000014,z
2025060900636,,4006634500.0000014,z
2025060900637,,4006634500.0000014,z
2025060900638,,4006634500.0000014,z
2025060900639,,4006634500.0000014,z
2025060900640,,4006634500.0000014,z
2025060900641,,4006634500.0000014,z
2025060900642,,4006634500.0000014,z
2025060900643,,4006634500.0000014,z
2025070300342,,4006634500.0000014,z
2025070300343,,4006634500.0000014,z
2025070300344,,4006634500.0000014,z
2025070300345,,4006634500.0000014,z
2025070300346,,4006634500.0000014,z
2025070300348,,4006634500.0000014,z
2025070400676,,4006634500.0000014,y
2025070400677,,4006634500.0000014,y
2025070400696,,4006634500.0000014,y
2025070400700,,4006634500.0000014,y
2025070400701,,4006634500.0000014,y
2025070400702,,4006634500.0000014,y
2025070400707,,4006634500.0000014,y
2025070400708,,4006634500.0000014,y
2025070400709,,4006634500.0000014,y
2025070400710,,4006634500.0000014,y
2025070400711,,4006634500.0000014,y
2025070400712,,4006634500.0000014,y
2025070400713,,4006634500.0000014,y
2025070400714,,4006634500.0000014,y
2025070400715,,4006634500.0000014,y
2025070400716,,4006634500.0000014,y
2025070400717,,4006634500.0000014,y
2025070400718,,4006634500.0000014,y
2025070400719,,4006634500.0000014,y
2025070400720,,4006634500.0000014,y
2025070400721,,4006634500.0000014,y
2025070400722,,4006634500.0000014,i
2025070400723,,4006634500.0000014,i
2025070400724,,4006634500.0000014,i
2025070400725,,4006634500.0000014,i
2025070400726,,4006634500.0000014,i
2025070400727,,4006634500.0000014,i
2025070400729,,4006634500.0000014,i
2025070400759,,4006634500.0000014,i
2025070400760,,4006634500.0000014,i
2025070400761,,4006634500.0000014,i
2025071300670,0.0,4006634500.0000014,i
2025071300677,0.0,4006634500.0000014,i
2025071300678,0.0,4006634500.0000014,i
2025071300679,0.0,4006634500.0000014,i
2025071300680,0.0,4006634500.0000014,i
2025071300681,0.0,4006634500.0000014,i
2025071300682,0.0,4006634500.0000014,i
2025071300683,0.0,4006634500.0000014,i
2025071300684,33467417.97850002,4006634500.0000014,i
2025071300686,0.0,4006634500.0000014,i
2025071300687,0.0,4006634500.0000014,i
2025071300717,0.0,4006634500.0000014,z
2025071300724,0.0,4006634500.0000014,z
2025071300725,0.0,4006634500.0000014,z
2025071300726,0.0,4006634500.0000014,z
2025071300727,0.0,4006634500.0000014,z
2025071300728,0.0,4006634500.0000014,z
2025071300729,0.0,4006634500.0000014,z
2025071300730,0.0,4006634500.0000014,z
2025071300731,32101155.61400001,4006634500.0000014,z
2025071300733,0.0,4006634500.0000014,z
2025071300734,0.0,4006634500.0000014,z
2025071300735,,4006634500.0000014,g
2025071300736,0.0,4006634500.0000014,g
2025071300737,0.0,4006634500.0000014,g
2025071300738,0.0,4006634500.0000014,g
2025071300739,0.0,4006634500.0000014,g
2025071300740,0.0,4006634500.0000014,g
2025071300746,0.0,4006634500.0000014,i
2025071300747,0.0,4006634500.0000014,i
2025071300748,0.0,4006634500.0000014,i
2025070600316,0.0,4006634500.0000014,i
2025070600317,0.0,4006634500.0000014,i
2025070600320,0.0,4006634500.0000014,i
2025070600322,0.0,4006634500.0000014,i
2025070600323,0.0,4006634500.0000014,i
2025070600324,16691639.327000009,4006634500.0000014,i
2025070600325,0.0,4006634500.0000014,i
2025070600328,3577924.608500002,4006634500.0000014,i
2025070600330,0.0,4006634500.0000014,z
2025070600331,0.0,4006634500.0000014,z
2025070600332,0.0,4006634500.0000014,z
2025070600333,0.0,4006634500.0000014,z
2025070600334,0.0,4006634500.0000014,z
2025070600339,0.0,4006634500.0000014,z
2025070600344,0.0,4006634500.0000014,z
2025070600345,0.0,4006634500.0000014,z
2025070600346,73265318.46700004,4006634500.0000014,z
2025070600349,16615513.271500008,4006634500.0000014,z
2025070600350,0.0,4006634500.0000014,z
2025070600351,0.0,4006634500.0000014,z
2025070600352,15237231.003500007,4006634500.0000014,z
2025070600353,0.0,4006634500.0000014,z
2025070600354,0.0,4006634500.0000014,z
2025070600355,0.0,4006634500.0000014,z
2025070600356,0.0,4006634500.0000014,z
2025070600358,15473622.439000009,4006634500.0000014,z
2025070600359,0.0,4006634500.0000014,z
2025070600360,15149085.044500006,4006634500.0000014,z
2025070600361,0.0,4006634500.0000014,z
2025070600362,0.0,4006634500.0000014,z
2025070600363,0.0,4006634500.0000014,z
2025070300354,,4006634500.0000014,z
2025070300355,,4006634500.0000014,z
2025070300356,,4006634500.0000014,z
2025070300360,,4006634500.0000014,z
2025070300363,,4006634500.0000014,z
2025070300364,,4006634500.0000014,z
2025070300365,,4006634500.0000014,z
2025070300366,,4006634500.0000014,z
2025070300367,,4006634500.0000014,z
2025070300368,,4006634500.0000014,z
2025070300369,,4006634500.0000014,z
2025070300370,,4006634500.0000014,z
2025070300371,,4006634500.0000014,z
2025070300372,,4006634500.0000014,z
2025070300373,,4006634500.0000014,z
2025070300374,,4006634500.0000014,z
2025070300375,,4006634500.0000014,z
2025070300376,,4006634500.0000014,z
2025070300382,,4006634500.0000014,z
2025070300383,,4006634500.0000014,z
2025070300392,,4006634500.0000014,z
2025070300393,,4006634500.0000014,z
2025070300394,,4006634500.0000014,z
2025070300395,,4006634500.0000014,z
2025070300396,,4006634500.0000014,z
2025070300397,,4006634500.0000014,z
2025070300398,,4006634500.0000014,z
2025070300399,,4006634500.0000014,z
2025070300400,,4006634500.0000014,g
2025070300401,,4006634500.0000014,g
2025070300402,,4006634500.0000014,g
2025071300749,0.0,4006634500.0000014,i
2025071300750,0.0,4006634500.0000014,i
2025071300751,1698813.0280000009,4006634500.0000014,i
2025071300752,0.0,4006634500.0000014,i
2025071300753,1698813.0280000009,4006634500.0000014,i
2025071300755,0.0,4006634500.0000014,i
2025071300756,0.0,4006634500.0000014,i
2025071300761,0.0,4006634500.0000014,i
2025071300762,0.0,4006634500.0000014,i
2025071300763,0.0,4006634500.0000014,i
2025071300773,0.0,4006634500.0000014,i
2025071300779,0.0,4006634500.0000014,z
2025071300780,0.0,4006634500.0000014,z
2025071300781,0.0,4006634500.0000014,z
2025071300782,0.0,4006634500.0000014,z
2025071300783,0.0,4006634500.0000014,z
2025071300784,16743725.575500011,4006634500.0000014,z
2025071300785,0.0,4006634500.0000014,z
2025071300786,32069102.538000017,4006634500.0000014,z
2025071300788,0.0,4006634500.0000014,z
2025071300789,0.0,4006634500.0000014,z
2025071700189,19656548.85700001,4006634500.0000014,g
2025071700192,0.0,4006634500.0000014,g
2025071700193,0.0,4006634500.0000014,g
2025071700194,87264499.41000004,4006634500.0000014,g
2025071700195,39000580.22300002,4006634500.0000014,g
2025071700196,0.0,4006634500.0000014,g
2025071700197,0.0,4006634500.0000014,g
2025071700201,0.0,4006634500.0000014,g
2025071700203,0.0,4006634500.0000014,g
2025071700204,35631000.60850002,4006634500.0000014,g
2025070700567,,4006634500.0000014,i
2025070700568,,4006634500.0000014,i
2025070700569,,4006634500.0000014,i
2025070700570,,4006634500.0000014,i
2025070700652,,4006634500.0000014,z
2025070700653,,4006634500.0000014,z
2025070700654,,4006634500.0000014,z
2025070700655,,4006634500.0000014,z
2025070700656,,4006634500.0000014,z
2025070700657,,4006634500.0000014,z
2025070700658,,4006634500.0000014,z
2025070700661,,4006634500.0000014,z
2025070700662,,4006634500.0000014,z
2025070700664,,4006634500.0000014,z
2025070700672,,4006634500.0000014,z
2025070700673,,4006634500.0000014,z
2025070700674,,4006634500.0000014,z
2025070700679,,4006634500.0000014,z
2025070700680,,4006634500.0000014,z
2025070700684,,4006634500.0000014,z
2025070700686,,4006634500.0000014,z
2025070700688,,4006634500.0000014,z
2025070700689,,4006634500.0000014,z
2025070700690,,4006634500.0000014,z
2025070700691,,4006634500.0000014,z
2025070700692,,4006634500.0000014,z
2025070700693,,4006634500.0000014,z
2025070700694,,4006634500.0000014,z
2025070700695,,4006634500.0000014,z
2025070700696,,4006634500.0000014,z
2025070700697,,4006634500.0000014,i
2025090600325,0.0,4006634500.0000014,g
2025090600326,0.0,4006634500.0000014,g
2025090600327,0.0,4006634500.0000014,g
2025090600328,0.0,4006634500.0000014,g
2025090600329,0.0,4006634500.0000014,g
2025090600330,0.0,4006634500.0000014,g
2025090600331,14872627.264000008,4006634500.0000014,g
2025090600332,0.0,4006634500.0000014,g
2025090600333,0.0,4006634500.0000014,g
2025090600334,0.0,4006634500.0000014,g
2025090600354,0.0,4006634500.0000014,i
2025090600355,0.0,4006634500.0000014,i
2025090600356,0.0,4006634500.0000014,i
2025090600357,0.0,4006634500.0000014,i
2025090600358,0.0,4006634500.0000014,i
2025090600359,0.0,4006634500.0000014,i
2025090600360,0.0,4006634500.0000014,i
2025090600361,0.0,4006634500.0000014,i
2025090600378,16863924.610500008,4006634500.0000014,g
2025090600379,0.0,4006634500.0000014,g
2025090600380,0.0,4006634500.0000014,g
2025090600381,0.0,4006634500.0000014,g
2025090600382,12180168.880000006,4006634500.0000014,g
2025090600383,0.0,4006634500.0000014,g
2025090600384,0.0,4006634500.0000014,g
2025090600385,0.0,4006634500.0000014,g
2025090600386,0.0,4006634500.0000014,g
2025090600387,16250909.532000007,4006634500.0000014,g
2025090600388,0.0,4006634500.0000014,g
2025090600389,0.0,4006634500.0000014,g
2025071700643,0.0,4006634500.0000014,i
2025071700644,16278955.973500008,4006634500.0000014,i
2025071700645,0.0,4006634500.0000014,i
2025071700646,18029855.25000001,4006634500.0000014,i
2025071700647,35875405.313000016,4006634500.0000014,i
2025071700648,0.0,4006634500.0000014,i
2025071700649,0.0,4006634500.0000014,i
2025071700650,1726859.4695000008,4006634500.0000014,i
2025071700651,0.0,4006634500.0000014,i
2025071700652,0.0,4006634500.0000014,i
2025071700653,0.0,4006634500.0000014,i
2025071700654,0.0,4006634500.0000014,i
2025071700655,94448395.06850004,4006634500.0000014,i
2025071700656,33575597.110000014,4006634500.0000014,i
2025071700657,16723692.403000008,4006634500.0000014,i
2025071700658,0.0,4006634500.0000014,i
2025071700681,0.0,4006634500.0000014,r
2025071700682,18983434.26100001,4006634500.0000014,r
2025071700683,0.0,4006634500.0000014,r
2025071700684,23246493.36900001,4006634500.0000014,r
2025071700685,925532.5695000006,4006634500.0000014,r
2025071700686,3634017.491500002,4006634500.0000014,r
2025071700687,2135536.188500001,4006634500.0000014,r
2025071700689,0.0,4006634500.0000014,r
2025071700691,0.0,4006634500.0000014,r
2025071700692,2219675.513000001,4006634500.0000014,r
2025071700693,0.0,4006634500.0000014,r
2025071700694,2207655.609500001,4006634500.0000014,r
2025071700696,2179609.168000001,4006634500.0000014,r
2025071700697,2223682.1475000014,4006634500.0000014,r
2025071700698,2051396.864000001,4006634500.0000014,r
2025060900588,,4006634500.0000014,i
2025060900589,,4006634500.0000014,i
2025060900590,,4006634500.0000014,i
2025060900591,,4006634500.0000014,i
2025060900592,,4006634500.0000014,i
2025060900593,,4006634500.0000014,i
2025060900594,,4006634500.0000014,i
2025060900595,,4006634500.0000014,i
2025060900596,,4006634500.0000014,i
2025060900597,,4006634500.0000014,i
2025060900598,,4006634500.0000014,i
2025060900599,,4006634500.0000014,i
2025060900600,,4006634500.0000014,i
2025060900601,,4006634500.0000014,i
2025060900602,,4006634500.0000014,i
2025060900603,,4006634500.0000014,i
2025060900604,,4006634500.0000014,i
2025060900605,,4006634500.0000014,i
2025060900606,,4006634500.0000014,i
2025060900607,,4006634500.0000014,i
2025060900608,,4006634500.0000014,i
2025060900609,,4006634500.0000014,i
2025060900610,,4006634500.0000014,i
2025060900611,,4006634500.0000014,i
2025060900612,,4006634500.0000014,i
2025060900613,,4006634500.0000014,i
2025060900614,,4006634500.0000014,z
2025060900615,,4006634500.0000014,z
2025060900616,,4006634500.0000014,z
2025060900617,,4006634500.0000014,z
2025060900618,,4006634500.0000014,z
2025070700208,,4006634500.0000014,i
2025070700219,,4006634500.0000014,y
2025070700220,,4006634500.0000014,y
2025070700221,,4006634500.0000014,y
2025070700222,,4006634500.0000014,y
2025070700223,,4006634500.0000014,y
2025070700224,,4006634500.0000014,y
2025070700225,,4006634500.0000014,y
2025070700226,,4006634500.0000014,y
2025070700231,,4006634500.0000014,y
2025070700232,,4006634500.0000014,y
2025070700233,,4006634500.0000014,y
2025070700234,,4006634500.0000014,y
2025070700235,,4006634500.0000014,y
2025070700236,,4006634500.0000014,y
2025070700239,,4006634500.0000014,y
2025070700241,,4006634500.0000014,y
2025070700242,,4006634500.0000014,y
2025070700243,,4006634500.0000014,y
2025070700244,,4006634500.0000014,y
2025070700245,,4006634500.0000014,y
2025070700246,,4006634500.0000014,y
2025070700247,,4006634500.0000014,y
2025070700248,,4006634500.0000014,y
2025070700249,,4006634500.0000014,y
2025070700250,,4006634500.0000014,y
2025070700251,,4006634500.0000014,y
2025070700252,,4006634500.0000014,y
2025070700253,,4006634500.0000014,y
2025070700254,,4006634500.0000014,y
2025070700258,,4006634500.0000014,y
2025090600420,0.0,4006634500.0000014,z
2025090600421,0.0,4006634500.0000014,z
2025090600422,0.0,4006634500.0000014,z
2025090600423,0.0,4006634500.0000014,z
2025090600424,0.0,4006634500.0000014,z
2025090600425,0.0,4006634500.0000014,z
2025090600426,0.0,4006634500.0000014,z
2025090600427,0.0,4006634500.0000014,z
2025090600428,0.0,4006634500.0000014,z
2025090600429,0.0,4006634500.0000014,z
2025090600430,0.0,4006634500.0000014,z
2025090600431,0.0,4006634500.0000014,z
2025090600432,0.0,4006634500.0000014,z
2025090600433,0.0,4006634500.0000014,z
2025090600434,0.0,4006634500.0000014,z
2025090600435,0.0,4006634500.0000014,z
2025090600436,0.0,4006634500.0000014,z
2025090600437,3618115159.169501,4006634500.0000014,z
2025090600438,3666102620.5760016,4006634500.0000014,z
2025090600439,0.0,4006634500.0000014,z
2025090600440,0.0,4006634500.0000014,z
2025090600441,0.0,4006634500.0000014,z
2025090600442,0.0,4006634500.0000014,z
2025090600443,0.0,4006634500.0000014,z
2025090600444,0.0,4006634500.0000014,z
2025090600445,0.0,4006634500.0000014,z
2025090600446,0.0,4006634500.0000014,z
2025090600447,0.0,4006634500.0000014,z
2025090600448,0.0,4006634500.0000014,z
2025090600449,0.0,4006634500.0000014,z
2025070900730,,4006634500.0000014,y
2025070900731,,4006634500.0000014,y
2025070900732,,4006634500.0000014,z
2025070900733,,4006634500.0000014,z
2025070900734,,4006634500.0000014,z
2025070900735,,4006634500.0000014,z
2025070900737,,4006634500.0000014,z
2025070900738,,4006634500.0000014,z
2025070900739,,4006634500.0000014,y
2025070900741,,4006634500.0000014,y
2025070900742,,4006634500.0000014,y
2025070900743,,4006634500.0000014,y
2025070900744,,4006634500.0000014,y
2025070900745,,4006634500.0000014,y
2025070900746,,4006634500.0000014,y
2025070900748,,4006634500.0000014,y
2025070900749,,4006634500.0000014,y
2025070900751,,4006634500.0000014,y
2025070900752,,4006634500.0000014,y
2025070900753,,4006634500.0000014,y
2025070900754,,4006634500.0000014,y
2025070900755,,4006634500.0000014,y
2025070900756,,4006634500.0000014,y
2025070900758,,4006634500.0000014,y
2025070900760,,4006634500.0000014,r
2025070900761,,4006634500.0000014,r
2025070900764,,4006634500.0000014,r
2025070900765,,4006634500.0000014,r
2025070900766,,4006634500.0000014,r
2025070900767,,4006634500.0000014,r
2025070900768,,4006634500.0000014,r
2025090600246,0.0,4006634500.0000014,z
2025090600247,0.0,4006634500.0000014,z
2025090600248,0.0,4006634500.0000014,z
2025090600249,0.0,4006634500.0000014,z
2025090600250,0.0,4006634500.0000014,z
2025090600251,,4006634500.0000014,z
2025090600252,,4006634500.0000014,z
2025090600253,0.0,4006634500.0000014,z
2025090600254,0.0,4006634500.0000014,z
2025090600255,0.0,4006634500.0000014,z
2025090600256,0.0,4006634500.0000014,z
2025090600257,0.0,4006634500.0000014,z
2025090600258,0.0,4006634500.0000014,z
2025090600259,0.0,4006634500.0000014,z
2025090600260,0.0,4006634500.0000014,z
2025090600261,0.0,4006634500.0000014,z
2025090600262,0.0,4006634500.0000014,z
2025090600263,0.0,4006634500.0000014,z
2025090600264,0.0,4006634500.0000014,z
2025090600265,0.0,4006634500.0000014,z
2025090600266,0.0,4006634500.0000014,z
2025090600267,0.0,4006634500.0000014,z
2025090600268,0.0,4006634500.0000014,z
2025090600269,0.0,4006634500.0000014,z
2025090600270,0.0,4006634500.0000014,z
2025090600271,0.0,4006634500.0000014,r
2025090600272,0.0,4006634500.0000014,r
2025090600273,0.0,4006634500.0000014,r
2025090600274,0.0,4006634500.0000014,r
2025090600275,0.0,4006634500.0000014,r
2025071800216,39541475.88050002,4006634500.0000014,u
2025071800217,23358679.13500001,4006634500.0000014,u
2025071800218,305982670.13050014,4006634500.0000014,u
2025071800219,23843481.90950001,4006634500.0000014,u
2025071800220,16563427.023000007,4006634500.0000014,u
2025071800221,0.0,4006634500.0000014,u
2025071800224,581198393.9355003,4006634500.0000014,u
2025071800226,4535510.2540000025,4006634500.0000014,u
2025071800227,215324551.29900008,4006634500.0000014,u
2025071800228,0.0,4006634500.0000014,u
2025071800230,0.0,4006634500.0000014,u
2025071800232,10629601.328500006,4006634500.0000014,u
2025071800233,510204837.2300003,4006634500.0000014,u
2025071800234,375658044.0855002,4006634500.0000014,u
2025071800235,248459418.6140001,4006634500.0000014,u
2025071800236,20277577.20450001,4006634500.0000014,u
2025071800237,0.0,4006634500.0000014,u
2025071800238,25610407.72400001,4006634500.0000014,u
2025071800242,2247721.954500001,4006634500.0000014,r
2025071800243,2255735.223500001,4006634500.0000014,r
2025071800244,0.0,4006634500.0000014,z
2025071800245,0.0,4006634500.0000014,z
2025071800246,0.0,4006634500.0000014,z
2025071800247,0.0,4006634500.0000014,z
2025071800248,0.0,4006634500.0000014,z
2025071800258,308146252.7605002,4006634500.0000014,u
2025071800259,689605903.6020002,4006634500.0000014,u
2025071800260,578381729.8820003,4006634500.0000014,u
2025071800262,375173241.3110002,4006634500.0000014,u
2025071800282,0.0,4006634500.0000014,u
2025071800283,23490898.07350001,4006634500.0000014,u
2025072100219,0.0,4006634500.0000014,z
2025072100220,0.0,4006634500.0000014,z
2025072100221,0.0,4006634500.0000014,z
2025072100222,0.0,4006634500.0000014,z
2025072100223,0.0,4006634500.0000014,z
2025072100224,0.0,4006634500.0000014,z
2025072100232,0.0,4006634500.0000014,z
2025072100234,0.0,4006634500.0000014,z
2025072100235,15798159.833500007,4006634500.0000014,z
2025072100239,29753267.797000017,4006634500.0000014,z
2025072100240,0.0,4006634500.0000014,z
2025072100241,0.0,4006634500.0000014,z
2025072100242,0.0,4006634500.0000014,z
2025072100243,0.0,4006634500.0000014,z
2025072100244,16539387.216000007,4006634500.0000014,z
2025072100245,16715679.13400001,4006634500.0000014,z
2025072100246,0.0,4006634500.0000014,u
2025072100247,117678861.89950006,4006634500.0000014,u
2025072100248,735798392.7525003,4006634500.0000014,u
2025072100249,38515777.44850002,4006634500.0000014,u
2025072100250,441098405.37400025,4006634500.0000014,u
2025072100255,0.0,4006634500.0000014,u
2025072100256,20077245.47950001,4006634500.0000014,u
2025072100257,19031513.875000007,4006634500.0000014,u
2025072100258,0.0,4006634500.0000014,u
2025072100311,,4006634500.0000014,u
2025072100312,,4006634500.0000014,u
2025072100313,,4006634500.0000014,g
2025072100314,,4006634500.0000014,g
2025072100315,,4006634500.0000014,g
2025072100316,0.0,4006634500.0000014,g
2025072200255,272984028.3885001,4006634500.0000014,u
2025072200256,686689073.6860003,4006634500.0000014,u
2025072200257,43580163.45650002,4006634500.0000014,u
2025072200258,4499450.5435000025,4006634500.0000014,u
2025072200259,24332291.318500016,4006634500.0000014,u
2025072200260,23947654.40650001,4006634500.0000014,u
2025072200261,9030954.163000004,4006634500.0000014,u
2025072200262,27128922.199500013,4006634500.0000014,u
2025072200263,209462845.02550012,4006634500.0000014,u
2025072200264,,4006634500.0000014,u
2025072200265,,4006634500.0000014,u
2025072200266,4535510.2540000025,4006634500.0000014,u
2025072200267,4519483.716000003,4006634500.0000014,u
2025072200268,4551536.792000003,4006634500.0000014,u
2025072200269,2251728.589000001,4006634500.0000014,r
2025072200270,2251728.589000001,4006634500.0000014,r
2025072200271,2255735.223500001,4006634500.0000014,r
2025072200272,2235702.0510000014,4006634500.0000014,r
2025072200273,2251728.589000001,4006634500.0000014,r
2025072200274,8381879.374000004,4006634500.0000014,u
2025072200275,0.0,4006634500.0000014,z
2025072200276,0.0,4006634500.0000014,z
2025072200277,0.0,4006634500.0000014,z
2025072200278,0.0,4006634500.0000014,z
2025072200279,0.0,4006634500.0000014,z
2025072200291,205928993.3965001,4006634500.0000014,u
2025072200465,0.0,4006634500.0000014,r
2025072200466,0.0,4006634500.0000014,r
2025072200467,0.0,4006634500.0000014,r
2025072200468,0.0,4006634500.0000014,r
2025072200469,0.0,4006634500.0000014,r
2025072200569,0.0,4006634500.0000014,g
2025072200570,8233633.897500005,4006634500.0000014,u
2025072200571,8217607.359500004,4006634500.0000014,u
2025072200572,0.0,4006634500.0000014,i
2025072200573,0.0,4006634500.0000014,i
2025072200574,0.0,4006634500.0000014,i
2025072200575,0.0,4006634500.0000014,i
2025072200576,6871378.167500003,4006634500.0000014,u
2025072200577,6871378.167500003,4006634500.0000014,u
2025072200578,6803265.381000004,4006634500.0000014,u
2025072200579,6791245.477500003,4006634500.0000014,u
2025072300336,16855911.34150001,4006634500.0000014,g
2025072300337,0.0,4006634500.0000014,g
2025072300338,17645218.33800001,4006634500.0000014,g
2025072300339,0.0,4006634500.0000014,g
2025072300340,15726040.412500007,4006634500.0000014,g
2025072300433,,4006634500.0000014,g
2025072300434,,4006634500.0000014,g
2025072300435,0.0,4006634500.0000014,g
2025072300436,0.0,4006634500.0000014,g
2025072300437,0.0,4006634500.0000014,g
2025072300438,0.0,4006634500.0000014,g
2025072300439,0.0,4006634500.0000014,g
2025072300440,0.0,4006634500.0000014,g
2025072300441,0.0,4006634500.0000014,g
2025072300442,0.0,4006634500.0000014,g
2025072300443,0.0,4006634500.0000014,g
2025072300444,0.0,4006634500.0000014,g
2025072300445,0.0,4006634500.0000014,i
2025072300446,0.0,4006634500.0000014,i
2025072300447,0.0,4006634500.0000014,i
2025060800520,,4006634500.0000014,i
2025060800521,,4006634500.0000014,i
2025060800522,,4006634500.0000014,i
2025060800523,,4006634500.0000014,i
2025060800524,,4006634500.0000014,i
2025060800525,,4006634500.0000014,i
2025060800526,,4006634500.0000014,i
2025060800527,,4006634500.0000014,i
2025060800528,,4006634500.0000014,i
2025060800529,,4006634500.0000014,i
2025060800530,,4006634500.0000014,i
2025060800531,,4006634500.0000014,i
2025060800532,,4006634500.0000014,i
2025060800533,,4006634500.0000014,i
2025060800534,,4006634500.0000014,i
2025060800535,,4006634500.0000014,i
2025060800536,,4006634500.0000014,i
2025060800537,,4006634500.0000014,i
2025060800538,,4006634500.0000014,i
2025060800539,,4006634500.0000014,i
2025060800540,,4006634500.0000014,i
2025060800541,,4006634500.0000014,i
2025060800542,,4006634500.0000014,i
2025060800543,,4006634500.0000014,i
2025060800544,,4006634500.0000014,i
2025060800545,,4006634500.0000014,i
2025060800546,,4006634500.0000014,i
2025060800547,,4006634500.0000014,z
2025060800548,,4006634500.0000014,z
2025060800549,,4006634500.0000014,z
2025060800550,,4006634500.0000014,z
2025090600216,0.0,4006634500.0000014,r
2025090600217,0.0,4006634500.0000014,r
2025090600218,621028.3475000003,4006634500.0000014,r
2025090600219,0.0,4006634500.0000014,r
2025090600220,0.0,4006634500.0000014,r
2025090600221,11130430.641000004,4006634500.0000014,r
2025090600222,0.0,4006634500.0000014,r
2025090600223,0.0,4006634500.0000014,r
2025090600224,0.0,4006634500.0000014,r
2025090600225,408676.7190000002,4006634500.0000014,r
2025090600226,0.0,4006634500.0000014,r
2025090600227,2091463.2090000007,4006634500.0000014,r
2025090600228,12504706.274500009,4006634500.0000014,r
2025090600229,0.0,4006634500.0000014,r
2025090600230,0.0,4006634500.0000014,r
2025090600231,0.0,4006634500.0000014,z
2025090600232,0.0,4006634500.0000014,z
2025090600233,0.0,4006634500.0000014,z
2025090600234,0.0,4006634500.0000014,z
2025090600235,0.0,4006634500.0000014,z
2025090600236,0.0,4006634500.0000014,z
2025090600237,0.0,4006634500.0000014,z
2025090600238,0.0,4006634500.0000014,z
2025090600239,0.0,4006634500.0000014,z
2025090600240,0.0,4006634500.0000014,z
2025090600241,0.0,4006634500.0000014,z
2025090600242,2647007122.2320013,4006634500.0000014,z
2025090600243,0.0,4006634500.0000014,z
2025090600244,0.0,4006634500.0000014,z
2025090600245,0.0,4006634500.0000014,z
2025090600276,0.0,4006634500.0000014,r
2025090600277,0.0,4006634500.0000014,r
2025090600278,0.0,4006634500.0000014,r
2025090600279,0.0,4006634500.0000014,r
2025090600280,0.0,4006634500.0000014,r
2025090600281,0.0,4006634500.0000014,r
2025090600282,0.0,4006634500.0000014,r
2025090600283,0.0,4006634500.0000014,r
2025090600284,0.0,4006634500.0000014,r
2025090600285,0.0,4006634500.0000014,r
2025090600289,0.0,4006634500.0000014,r
2025090600290,0.0,4006634500.0000014,r
2025090600291,0.0,4006634500.0000014,r
2025090600292,0.0,4006634500.0000014,r
2025090600293,0.0,4006634500.0000014,r
2025090600294,0.0,4006634500.0000014,r
2025090600295,0.0,4006634500.0000014,r
2025090600296,0.0,4006634500.0000014,r
2025090600297,0.0,4006634500.0000014,r
2025090600298,0.0,4006634500.0000014,r
2025090600299,0.0,4006634500.0000014,r
2025090600300,3754216.5265000015,4006634500.0000014,r
2025090600301,0.0,4006634500.0000014,r
2025090600302,0.0,4006634500.0000014,r
2025090600303,0.0,4006634500.0000014,r
2025090600320,0.0,4006634500.0000014,g
2025090600321,0.0,4006634500.0000014,g
2025090600322,0.0,4006634500.0000014,g
2025090600323,0.0,4006634500.0000014,g
2025090600324,0.0,4006634500.0000014,g
2025081400328,0.0,4006634500.0000014,z
2025081400329,0.0,4006634500.0000014,z
2025081400330,0.0,4006634500.0000014,z
2025081400342,0.0,4006634500.0000014,i
2025081400344,0.0,4006634500.0000014,i
2025081400345,0.0,4006634500.0000014,i
2025081400346,0.0,4006634500.0000014,i
2025081400347,0.0,4006634500.0000014,i
2025081400348,93546902.30600004,4006634500.0000014,i
2025081400349,0.0,4006634500.0000014,i
2025081400350,0.0,4006634500.0000014,i
2025081600224,16863924.610500008,4006634500.0000014,g
2025081600225,0.0,4006634500.0000014,g
2025081600226,0.0,4006634500.0000014,g
2025081600227,0.0,4006634500.0000014,g
2025081600228,1786958.9870000011,4006634500.0000014,i
2025081600229,0.0,4006634500.0000014,i
2025081600230,0.0,4006634500.0000014,i
2025081600231,0.0,4006634500.0000014,i
2025081600285,15770113.392000008,4006634500.0000014,g
2025081600286,76142082.03800003,4006634500.0000014,g
2025081600287,0.0,4006634500.0000014,g
2025081600288,113812459.60700004,4006634500.0000014,g
2025081600289,0.0,4006634500.0000014,g
2025081600290,0.0,4006634500.0000014,g
2025081600339,89912884.81450005,4006634500.0000014,g
2025081600340,34020333.53950002,4006634500.0000014,g
2025081600341,35639013.87750001,4006634500.0000014,g
2025081600342,18250220.14750001,4006634500.0000014,g
2025081600343,34008313.63600002,4006634500.0000014,g
2025081600344,0.0,4006634500.0000014,g
2025071100812,0.0,4006634500.0000014,g
2025071100813,,4006634500.0000014,g
2025071100814,,4006634500.0000014,g
2025071100816,,4006634500.0000014,i
2025071100817,,4006634500.0000014,i
2025071100818,,4006634500.0000014,i
2025071100819,,4006634500.0000014,i
2025071100820,,4006634500.0000014,i
2025071100821,,4006634500.0000014,i
2025071100822,0.0,4006634500.0000014,i
2025071100823,0.0,4006634500.0000014,i
2025071100824,0.0,4006634500.0000014,g
2025071100825,0.0,4006634500.0000014,g
2025071100826,0.0,4006634500.0000014,g
2025071200594,,4006634500.0000014,z
2025071200595,,4006634500.0000014,z
2025071200596,,4006634500.0000014,z
2025071200597,0.0,4006634500.0000014,z
2025071200598,,4006634500.0000014,z
2025071200707,0.0,4006634500.0000014,r
2025071200708,0.0,4006634500.0000014,r
2025071200709,,4006634500.0000014,r
2025071200710,0.0,4006634500.0000014,r
2025071200711,,4006634500.0000014,r
2025071200712,,4006634500.0000014,r
2025071200713,0.0,4006634500.0000014,r
2025071200714,0.0,4006634500.0000014,r
2025071200715,0.0,4006634500.0000014,r
2025071200716,0.0,4006634500.0000014,r
2025071200717,0.0,4006634500.0000014,r
2025071200718,0.0,4006634500.0000014,r
2025081600345,88117912.55850004,4006634500.0000014,g
2025081600393,18346379.37550001,4006634500.0000014,i
2025081600394,16487300.967500009,4006634500.0000014,i
2025081600395,0.0,4006634500.0000014,i
2025081600396,16122697.228000008,4006634500.0000014,i
2025081600397,0.0,4006634500.0000014,i
2025081600398,0.0,4006634500.0000014,i
2025081600399,0.0,4006634500.0000014,i
2025081600400,1782952.3525000007,4006634500.0000014,i
2025081600401,0.0,4006634500.0000014,i
2025081600402,0.0,4006634500.0000014,i
2025081600403,0.0,4006634500.0000014,i
2025081600404,0.0,4006634500.0000014,i
2025081600405,0.0,4006634500.0000014,i
2025081600406,0.0,4006634500.0000014,i
2025081600407,0.0,4006634500.0000014,i
2025081600408,0.0,4006634500.0000014,i
2025081600417,0.0,4006634500.0000014,i
2025081600419,0.0,4006634500.0000014,i
2025081600420,0.0,4006634500.0000014,i
2025081600421,0.0,4006634500.0000014,i
2025081600422,0.0,4006634500.0000014,i
2025081600423,0.0,4006634500.0000014,i
2025081600424,0.0,4006634500.0000014,i
2025081600425,0.0,4006634500.0000014,i
2025081600426,0.0,4006634500.0000014,i
2025081600427,0.0,4006634500.0000014,i
2025081600429,34873746.688000016,4006634500.0000014,r
2025081600430,16899984.321000006,4006634500.0000014,r
2025081600431,4395278.046500002,4006634500.0000014,r
2025081600432,20513968.64000001,4006634500.0000014,r
2025090200192,,4006634500.0000014,r
2025090200193,,4006634500.0000014,r
2025090200194,,4006634500.0000014,r
2025090200195,,4006634500.0000014,r
2025090200196,,4006634500.0000014,r
2025090200197,,4006634500.0000014,r
2025090200198,,4006634500.0000014,r
2025090200199,,4006634500.0000014,r
2025090200200,,4006634500.0000014,r
2025090200201,,4006634500.0000014,r
2025090200202,,4006634500.0000014,r
2025090200203,,4006634500.0000014,r
2025090200204,,4006634500.0000014,r
2025090200205,,4006634500.0000014,z
2025090200206,,4006634500.0000014,z
2025090200207,,4006634500.0000014,z
2025090200208,,4006634500.0000014,z
2025090200209,,4006634500.0000014,z
2025090200210,,4006634500.0000014,z
2025090200211,,4006634500.0000014,z
2025090200212,,4006634500.0000014,z
2025090200213,,4006634500.0000014,z
2025090200214,,4006634500.0000014,z
2025090200215,,4006634500.0000014,z
2025090200216,,4006634500.0000014,z
2025090200217,,4006634500.0000014,z
2025090200218,,4006634500.0000014,z
2025090200219,,4006634500.0000014,z
2025090200220,,4006634500.0000014,z
2025090200221,,4006634500.0000014,z
2025090200222,,4006634500.0000014,z
2025070400544,,4006634500.0000014,y
2025070400545,,4006634500.0000014,y
2025070400546,,4006634500.0000014,y
2025070400547,,4006634500.0000014,y
2025070400548,,4006634500.0000014,y
2025070400549,,4006634500.0000014,z
2025070400550,,4006634500.0000014,z
2025070400551,,4006634500.0000014,z
2025070400552,,4006634500.0000014,z
2025070400553,,4006634500.0000014,z
2025070400628,,4006634500.0000014,y
2025070400629,,4006634500.0000014,y
2025070400648,,4006634500.0000014,y
2025070400652,,4006634500.0000014,y
2025070400653,,4006634500.0000014,y
2025070400654,,4006634500.0000014,y
2025070400659,,4006634500.0000014,y
2025070400660,,4006634500.0000014,y
2025070400661,,4006634500.0000014,y
2025070400662,,4006634500.0000014,y
2025070400663,,4006634500.0000014,y
2025070400664,,4006634500.0000014,y
2025070400665,,4006634500.0000014,y
2025070400666,,4006634500.0000014,y
2025070400667,,4006634500.0000014,y
2025070400668,,4006634500.0000014,y
2025070400669,,4006634500.0000014,y
2025070400670,,4006634500.0000014,y
2025070400671,,4006634500.0000014,y
2025070400672,,4006634500.0000014,y
2025070400673,,4006634500.0000014,y
2025072800441,0.0,4006634500.0000014,i
2025072800442,0.0,4006634500.0000014,i
2025072800443,51737671.29850002,4006634500.0000014,i
2025072800444,0.0,4006634500.0000014,i
2025072800445,16591473.464500008,4006634500.0000014,i
2025072800446,0.0,4006634500.0000014,i
2025072800447,0.0,4006634500.0000014,i
2025072800448,1794972.2560000008,4006634500.0000014,i
2025072800449,0.0,4006634500.0000014,i
2025072800450,0.0,4006634500.0000014,i
2025072800451,0.0,4006634500.0000014,i
2025072800452,0.0,4006634500.0000014,i
2025072800453,0.0,4006634500.0000014,i
2025072800454,0.0,4006634500.0000014,i
2025072800455,0.0,4006634500.0000014,i
2025072800456,0.0,4006634500.0000014,z
2025072800458,30021712.30850001,4006634500.0000014,z
2025072800461,15213191.196500009,4006634500.0000014,z
2025072800463,0.0,4006634500.0000014,z
2025072800464,16787798.555000007,4006634500.0000014,z
2025072800465,0.0,4006634500.0000014,z
2025072800466,0.0,4006634500.0000014,z
2025072800467,91431399.29000004,4006634500.0000014,z
2025072800474,0.0,4006634500.0000014,z
2025072800475,0.0,4006634500.0000014,z
2025072800476,14764448.132500008,4006634500.0000014,z
2025072800477,0.0,4006634500.0000014,z
2025072800478,0.0,4006634500.0000014,z
2025072800479,0.0,4006634500.0000014,z
2025072800480,16623526.540500008,4006634500.0000014,z
2025072800481,0.0,4006634500.0000014,z
2025070800221,,4006634500.0000014,z
2025070800222,,4006634500.0000014,z
2025070800223,,4006634500.0000014,z
2025070800224,,4006634500.0000014,z
2025070800226,,4006634500.0000014,z
2025070800228,,4006634500.0000014,y
2025070800229,,4006634500.0000014,y
2025070800230,,4006634500.0000014,y
2025070800231,,4006634500.0000014,y
2025070800232,,4006634500.0000014,y
2025070800233,,4006634500.0000014,y
2025070800234,,4006634500.0000014,y
2025070800235,,4006634500.0000014,y
2025070800236,,4006634500.0000014,y
2025070800237,,4006634500.0000014,y
2025070800238,,4006634500.0000014,y
2025070800239,,4006634500.0000014,y
2025070800240,,4006634500.0000014,y
2025070800241,,4006634500.0000014,y
2025070800242,,4006634500.0000014,y
2025070800243,,4006634500.0000014,y
2025070800244,,4006634500.0000014,y
2025070800245,,4006634500.0000014,y
2025070800250,,4006634500.0000014,y
2025070800251,,4006634500.0000014,y
2025070800252,,4006634500.0000014,y
2025070800253,,4006634500.0000014,y
2025070800254,,4006634500.0000014,y
2025070800256,,4006634500.0000014,y
2025070800257,,4006634500.0000014,y
2025070800259,,4006634500.0000014,y
2025060400350,,4006634500.0000014,i
2025060400351,,4006634500.0000014,i
2025060400352,,4006634500.0000014,i
2025060400353,,4006634500.0000014,i
2025060400354,,4006634500.0000014,i
2025060400355,,4006634500.0000014,i
2025060400356,,4006634500.0000014,i
2025060400357,,4006634500.0000014,i
2025060400358,,4006634500.0000014,i
2025060400359,,4006634500.0000014,i
2025060400360,,4006634500.0000014,i
2025060400361,,4006634500.0000014,i
2025060400362,,4006634500.0000014,i
2025060400363,,4006634500.0000014,i
2025060400364,,4006634500.0000014,i
2025060400365,,4006634500.0000014,i
2025060400366,,4006634500.0000014,i
2025060400367,,4006634500.0000014,i
2025060400368,,4006634500.0000014,i
2025060400369,,4006634500.0000014,i
2025060400370,,4006634500.0000014,i
2025060400371,,4006634500.0000014,i
2025060400372,,4006634500.0000014,i
2025060400373,,4006634500.0000014,i
2025060400374,,4006634500.0000014,i
2025060400375,,4006634500.0000014,i
2025060400376,,4006634500.0000014,i
2025060400377,,4006634500.0000014,i
2025060400378,,4006634500.0000014,i
2025060400379,,4006634500.0000014,i
2025060400380,,4006634500.0000014,i
2025081600530,0.0,4006634500.0000014,i
2025081600545,0.0,4006634500.0000014,i
2025081600547,,4006634500.0000014,i
2025081600548,0.0,4006634500.0000014,i
2025081600549,0.0,4006634500.0000014,i
2025081600550,0.0,4006634500.0000014,i
2025082600421,19736681.54700001,4006634500.0000014,g
2025082600422,19700621.836500008,4006634500.0000014,g
2025082600423,15145078.410000006,4006634500.0000014,g
2025082600424,0.0,4006634500.0000014,g
2025082600425,0.0,4006634500.0000014,g
2025082600426,16787798.555000007,4006634500.0000014,g
2025082600427,16611506.637000006,4006634500.0000014,g
2025082600428,0.0,4006634500.0000014,g
2025082600429,19732674.91250001,4006634500.0000014,g
2025082600430,0.0,4006634500.0000014,g
2025082600431,0.0,4006634500.0000014,g
2025082600432,0.0,4006634500.0000014,g
2025082600433,0.0,4006634500.0000014,g
2025082600434,0.0,4006634500.0000014,g
2025082600435,0.0,4006634500.0000014,g
2025082600436,0.0,4006634500.0000014,g
2025082600437,0.0,4006634500.0000014,i
2025082600438,0.0,4006634500.0000014,i
2025082600439,0.0,4006634500.0000014,i
2025082600440,0.0,4006634500.0000014,i
2025082600441,0.0,4006634500.0000014,i
2025082600442,0.0,4006634500.0000014,i
2025082600443,0.0,4006634500.0000014,i
2025082600444,0.0,4006634500.0000014,i
2025082600445,0.0,4006634500.0000014,i
2025070800182,,4006634500.0000014,z
2025070800183,,4006634500.0000014,z
2025070800184,,4006634500.0000014,z
2025070800185,,4006634500.0000014,z
2025070800186,,4006634500.0000014,z
2025070800187,,4006634500.0000014,z
2025070800188,,4006634500.0000014,z
2025070800189,,4006634500.0000014,z
2025070800190,,4006634500.0000014,z
2025070800191,,4006634500.0000014,z
2025070800192,,4006634500.0000014,z
2025070800193,,4006634500.0000014,z
2025070800194,,4006634500.0000014,z
2025070800195,,4006634500.0000014,z
2025070800196,,4006634500.0000014,z
2025070800197,,4006634500.0000014,z
2025070800202,,4006634500.0000014,z
2025070800203,,4006634500.0000014,z
2025070800204,,4006634500.0000014,z
2025070800205,,4006634500.0000014,z
2025070800206,,4006634500.0000014,z
2025070800208,,4006634500.0000014,z
2025070800209,,4006634500.0000014,z
2025070800211,,4006634500.0000014,z
2025070800212,,4006634500.0000014,z
2025070800213,,4006634500.0000014,z
2025070800216,,4006634500.0000014,z
2025070800217,,4006634500.0000014,z
2025070800218,,4006634500.0000014,z
2025070800219,,4006634500.0000014,z
2025070800220,,4006634500.0000014,z
2025090600390,0.0,4006634500.0000014,i
2025090600391,0.0,4006634500.0000014,i
2025090600392,0.0,4006634500.0000014,i
2025090600393,0.0,4006634500.0000014,i
2025090600394,0.0,4006634500.0000014,i
2025090600395,0.0,4006634500.0000014,i
2025090600396,0.0,4006634500.0000014,i
2025090600397,0.0,4006634500.0000014,i
2025090600398,0.0,4006634500.0000014,i
2025090600399,0.0,4006634500.0000014,i
2025090600400,0.0,4006634500.0000014,i
2025090600401,0.0,4006634500.0000014,i
2025090600402,0.0,4006634500.0000014,i
2025090600403,0.0,4006634500.0000014,i
2025090600404,0.0,4006634500.0000014,i
2025090600405,0.0,4006634500.0000014,i
2025090600406,0.0,4006634500.0000014,i
2025090600407,0.0,4006634500.0000014,i
2025090600408,0.0,4006634500.0000014,i
2025090600409,0.0,4006634500.0000014,i
2025090600410,0.0,4006634500.0000014,z
2025090600411,0.0,4006634500.0000014,z
2025090600412,0.0,4006634500.0000014,z
2025090600413,0.0,4006634500.0000014,z
2025090600414,0.0,4006634500.0000014,z
2025090600415,0.0,4006634500.0000014,z
2025090600416,0.0,4006634500.0000014,z
2025090600417,0.0,4006634500.0000014,z
2025090600418,0.0,4006634500.0000014,z
2025090600419,0.0,4006634500.0000014,z
2025070600259,0.0,4006634500.0000014,y
2025070600260,0.0,4006634500.0000014,y
2025070600261,0.0,4006634500.0000014,y
2025070600263,0.0,4006634500.0000014,y
2025070600264,0.0,4006634500.0000014,y
2025070600273,,4006634500.0000014,y
2025070600274,0.0,4006634500.0000014,y
2025070600282,0.0,4006634500.0000014,i
2025070600283,0.0,4006634500.0000014,i
2025070600284,0.0,4006634500.0000014,i
2025070600285,0.0,4006634500.0000014,i
2025070600286,0.0,4006634500.0000014,i
2025070600291,0.0,4006634500.0000014,i
2025070600296,0.0,4006634500.0000014,i
2025070600297,0.0,4006634500.0000014,i
2025070600298,74435255.74100004,4006634500.0000014,i
2025070600301,16615513.271500008,4006634500.0000014,i
2025070600302,0.0,4006634500.0000014,i
2025070600303,0.0,4006634500.0000014,i
2025070600304,0.0,4006634500.0000014,i
2025070600305,0.0,4006634500.0000014,i
2025070600306,0.0,4006634500.0000014,i
2025070600307,0.0,4006634500.0000014,i
2025070600308,0.0,4006634500.0000014,i
2025070600309,1682786.490000001,4006634500.0000014,i
2025070600310,1774939.0835000009,4006634500.0000014,i
2025070600311,0.0,4006634500.0000014,i
2025070600312,0.0,4006634500.0000014,i
2025070600313,0.0,4006634500.0000014,i
2025070600314,0.0,4006634500.0000014,i
2025070600315,0.0,4006634500.0000014,i
2025081000450,0.0,4006634500.0000014,z
2025081000451,0.0,4006634500.0000014,z
2025081000452,0.0,4006634500.0000014,z
2025081000453,0.0,4006634500.0000014,z
2025081000454,0.0,4006634500.0000014,z
2025081000455,0.0,4006634500.0000014,z
2025081000456,0.0,4006634500.0000014,z
2025081000457,0.0,4006634500.0000014,z
2025081000458,0.0,4006634500.0000014,z
2025081000459,0.0,4006634500.0000014,z
2025081000460,0.0,4006634500.0000014,z
2025081000461,0.0,4006634500.0000014,z
2025081000462,16166770.207500009,4006634500.0000014,z
2025081000463,0.0,4006634500.0000014,z
2025081000464,0.0,4006634500.0000014,z
2025081000465,0.0,4006634500.0000014,z
2025081000466,0.0,4006634500.0000014,z
2025081000467,0.0,4006634500.0000014,z
2025081000468,0.0,4006634500.0000014,z
2025081000469,0.0,4006634500.0000014,z
2025081000470,0.0,4006634500.0000014,z
2025081000471,0.0,4006634500.0000014,z
2025081000472,0.0,4006634500.0000014,r
2025081000473,0.0,4006634500.0000014,r
2025081000474,0.0,4006634500.0000014,r
2025081000475,0.0,4006634500.0000014,r
2025081000476,0.0,4006634500.0000014,r
2025081000480,0.0,4006634500.0000014,r
2025081000481,0.0,4006634500.0000014,r
2025081000482,0.0,4006634500.0000014,i
2025081000483,0.0,4006634500.0000014,i
2025070700698,,4006634500.0000014,i
2025070700699,,4006634500.0000014,i
2025070700700,,4006634500.0000014,i
2025070700701,,4006634500.0000014,i
2025070700704,,4006634500.0000014,i
2025070700705,,4006634500.0000014,i
2025070700707,,4006634500.0000014,i
2025070700715,,4006634500.0000014,i
2025070700716,,4006634500.0000014,i
2025070700717,,4006634500.0000014,i
2025070700722,,4006634500.0000014,i
2025070700723,,4006634500.0000014,i
2025070700727,,4006634500.0000014,i
2025070700729,,4006634500.0000014,i
2025070700731,,4006634500.0000014,i
2025070700732,,4006634500.0000014,i
2025070700733,,4006634500.0000014,i
2025070700734,,4006634500.0000014,i
2025070700735,,4006634500.0000014,i
2025070700736,,4006634500.0000014,i
2025070700737,,4006634500.0000014,i
2025070700738,,4006634500.0000014,i
2025070700739,,4006634500.0000014,i
2025070700741,,4006634500.0000014,i
2025070700742,,4006634500.0000014,i
2025070800124,,4006634500.0000014,z
2025070800125,,4006634500.0000014,z
2025070800139,,4006634500.0000014,y
2025070800140,,4006634500.0000014,y
2025070800180,,4006634500.0000014,z
2025070800181,,4006634500.0000014,z
2025081000359,0.0,4006634500.0000014,y
2025081000360,0.0,4006634500.0000014,y
2025081000361,0.0,4006634500.0000014,y
2025081000362,0.0,4006634500.0000014,y
2025081000363,0.0,4006634500.0000014,y
2025081000364,0.0,4006634500.0000014,y
2025081000365,0.0,4006634500.0000014,y
2025081000366,0.0,4006634500.0000014,y
2025081000367,21423474.67150001,4006634500.0000014,y
2025081000368,0.0,4006634500.0000014,y
2025081000369,15657927.62600001,4006634500.0000014,y
2025081000370,16331042.222000008,4006634500.0000014,y
2025081000371,0.0,4006634500.0000014,y
2025081000372,76094002.42400004,4006634500.0000014,y
2025081000373,0.0,4006634500.0000014,y
2025081000374,0.0,4006634500.0000014,y
2025081000395,0.0,4006634500.0000014,y
2025081000396,0.0,4006634500.0000014,y
2025081000397,0.0,4006634500.0000014,y
2025081000398,0.0,4006634500.0000014,y
2025081000399,0.0,4006634500.0000014,y
2025081000400,0.0,4006634500.0000014,y
2025081000401,0.0,4006634500.0000014,y
2025081000402,0.0,4006634500.0000014,y
2025081000403,0.0,4006634500.0000014,y
2025081000404,0.0,4006634500.0000014,y
2025081000405,0.0,4006634500.0000014,y
2025081000406,0.0,4006634500.0000014,y
2025081000407,0.0,4006634500.0000014,y
2025081000408,21419468.037000008,4006634500.0000014,y
2025081000409,0.0,4006634500.0000014,y
2025070800556,,4006634500.0000014,z
2025070800557,,4006634500.0000014,z
2025070800558,,4006634500.0000014,z
2025070800559,,4006634500.0000014,z
2025070800560,,4006634500.0000014,z
2025070800561,,4006634500.0000014,z
2025070800562,,4006634500.0000014,z
2025070800563,,4006634500.0000014,z
2025070800564,,4006634500.0000014,z
2025070800568,,4006634500.0000014,z
2025070800569,,4006634500.0000014,z
2025070800570,,4006634500.0000014,z
2025070800571,,4006634500.0000014,z
2025070800572,,4006634500.0000014,z
2025070800573,,4006634500.0000014,z
2025070800574,,4006634500.0000014,z
2025070800580,,4006634500.0000014,z
2025070800582,,4006634500.0000014,z
2025070800583,,4006634500.0000014,z
2025070800584,,4006634500.0000014,z
2025070800585,,4006634500.0000014,z
2025070800586,,4006634500.0000014,z
2025070800588,,4006634500.0000014,z
2025070800589,,4006634500.0000014,z
2025070800590,,4006634500.0000014,i
2025070800591,,4006634500.0000014,i
2025070800592,,4006634500.0000014,i
2025070800593,,4006634500.0000014,i
2025070800594,,4006634500.0000014,i
2025070800595,,4006634500.0000014,i
2025070800596,,4006634500.0000014,i
2025072300448,0.0,4006634500.0000014,i
2025072300449,0.0,4006634500.0000014,i
2025072300450,0.0,4006634500.0000014,i
2025072300451,0.0,4006634500.0000014,i
2025072300452,0.0,4006634500.0000014,i
2025072300453,0.0,4006634500.0000014,i
2025072300454,0.0,4006634500.0000014,i
2025072300455,0.0,4006634500.0000014,i
2025072300456,0.0,4006634500.0000014,i
2025072300508,25153651.391000014,4006634500.0000014,u
2025072300509,182550281.08900008,4006634500.0000014,u
2025072300510,8017275.634500004,4006634500.0000014,u
2025072300511,316187568.20200014,4006634500.0000014,u
2025072300512,44089006.038000025,4006634500.0000014,u
2025072300513,8618270.809500003,4006634500.0000014,u
2025072300514,18899294.936500005,4006634500.0000014,u
2025072300515,4226999.397500002,4006634500.0000014,u
2025072300516,1726859.4695000008,4006634500.0000014,i
2025072300517,0.0,4006634500.0000014,i
2025072300518,0.0,4006634500.0000014,i
2025072300519,0.0,4006634500.0000014,g
2025072300520,0.0,4006634500.0000014,g
2025072300521,0.0,4006634500.0000014,g
2025072300522,2976929.4335000017,4006634500.0000014,g
2025072300523,19007474.06800001,4006634500.0000014,g
2025072300524,0.0,4006634500.0000014,g
2025072300525,404417666.52650017,4006634500.0000014,g
2025072300526,347150839.61800015,4006634500.0000014,g
2025072300527,15629881.184500009,4006634500.0000014,g
2025072300528,16751738.844500007,4006634500.0000014,g
2025072300529,19680588.66400001,4006634500.0000014,g
2025072800363,0.0,4006634500.0000014,z
2025072800364,0.0,4006634500.0000014,z
2025072800365,0.0,4006634500.0000014,z
2025072800366,0.0,4006634500.0000014,z
2025072800367,,4006634500.0000014,z
2025072800368,0.0,4006634500.0000014,z
2025072800369,0.0,4006634500.0000014,z
2025072800370,0.0,4006634500.0000014,z
2025072800371,0.0,4006634500.0000014,z
2025072800372,0.0,4006634500.0000014,z
2025072800373,0.0,4006634500.0000014,z
2025072800374,0.0,4006634500.0000014,z
2025072800375,0.0,4006634500.0000014,z
2025072800376,0.0,4006634500.0000014,z
2025072800377,0.0,4006634500.0000014,z
2025072800382,4535510.2540000025,4006634500.0000014,u
2025072800383,4519483.716000003,4006634500.0000014,u
2025072800384,4499450.5435000025,4006634500.0000014,u
2025072800385,303198059.1530002,4006634500.0000014,u
2025072800386,305501873.9905001,4006634500.0000014,u
2025072800387,303194052.51850015,4006634500.0000014,u
2025072800388,305509887.25950015,4006634500.0000014,u
2025072800389,303674848.65850013,4006634500.0000014,u
2025072800390,301723617.6570001,4006634500.0000014,u
2025072800391,2215668.878500001,4006634500.0000014,r
2025072800392,2215668.878500001,4006634500.0000014,r
2025072800393,2215668.878500001,4006634500.0000014,r
2025072800394,2223682.1475000014,4006634500.0000014,r
2025072800395,2215668.878500001,4006634500.0000014,r
2025072800396,2191629.071500001,4006634500.0000014,r
2025072800397,2199642.340500001,4006634500.0000014,r
2025060800489,,4006634500.0000014,y
2025060800490,,4006634500.0000014,y
2025060800491,,4006634500.0000014,y
2025060800492,,4006634500.0000014,y
2025060800493,,4006634500.0000014,y
2025060800494,,4006634500.0000014,y
2025060800495,,4006634500.0000014,y
2025060800496,,4006634500.0000014,y
2025060800497,,4006634500.0000014,y
2025060800498,,4006634500.0000014,y
2025060800499,,4006634500.0000014,y
2025060800500,,4006634500.0000014,y
2025060800501,,4006634500.0000014,y
2025060800502,,4006634500.0000014,y
2025060800503,,4006634500.0000014,y
2025060800504,,4006634500.0000014,y
2025060800505,,4006634500.0000014,y
2025060800506,,4006634500.0000014,y
2025060800507,,4006634500.0000014,y
2025060800508,,4006634500.0000014,y
2025060800509,,4006634500.0000014,y
2025060800510,,4006634500.0000014,y
2025060800511,,4006634500.0000014,y
2025060800512,,4006634500.0000014,i
2025060800513,,4006634500.0000014,i
2025060800514,,4006634500.0000014,i
2025060800515,,4006634500.0000014,i
2025060800516,,4006634500.0000014,i
2025060800517,,4006634500.0000014,i
2025060800518,,4006634500.0000014,i
2025060800519,,4006634500.0000014,i
2025060400381,,4006634500.0000014,i
2025060400382,,4006634500.0000014,i
2025060400383,,4006634500.0000014,i
2025060400384,,4006634500.0000014,i
2025060400385,,4006634500.0000014,g
2025060400386,,4006634500.0000014,g
2025060400387,,4006634500.0000014,g
2025060400388,,4006634500.0000014,g
2025060400389,,4006634500.0000014,g
2025060400390,,4006634500.0000014,g
2025060400391,,4006634500.0000014,g
2025060400392,,4006634500.0000014,g
2025060400393,,4006634500.0000014,g
2025060400394,,4006634500.0000014,g
2025060400395,,4006634500.0000014,g
2025060400396,,4006634500.0000014,g
2025060400397,,4006634500.0000014,g
2025060400398,,4006634500.0000014,g
2025060400399,,4006634500.0000014,g
2025060400400,,4006634500.0000014,g
2025060400401,,4006634500.0000014,g
2025060400402,,4006634500.0000014,g
2025060400403,,4006634500.0000014,g
2025060400404,,4006634500.0000014,g
2025060400405,,4006634500.0000014,g
2025060400406,,4006634500.0000014,g
2025060400407,,4006634500.0000014,g
2025060400408,,4006634500.0000014,g
2025060400409,,4006634500.0000014,g
2025060400410,,4006634500.0000014,g
2025060400411,,4006634500.0000014,g
2025081300317,0.0,4006634500.0000014,g
2025081300318,0.0,4006634500.0000014,g
2025081300319,0.0,4006634500.0000014,g
2025081300320,0.0,4006634500.0000014,g
2025081300321,0.0,4006634500.0000014,i
2025081300322,0.0,4006634500.0000014,i
2025081300323,0.0,4006634500.0000014,i
2025081300324,0.0,4006634500.0000014,i
2025081300332,0.0,4006634500.0000014,z
2025081300333,0.0,4006634500.0000014,z
2025081300334,0.0,4006634500.0000014,z
2025081300335,0.0,4006634500.0000014,z
2025081300336,0.0,4006634500.0000014,z
2025081300337,0.0,4006634500.0000014,z
2025081300338,0.0,4006634500.0000014,z
2025081300339,0.0,4006634500.0000014,z
2025081300340,0.0,4006634500.0000014,z
2025081300341,0.0,4006634500.0000014,z
2025081300342,0.0,4006634500.0000014,z
2025081300343,0.0,4006634500.0000014,z
2025081300348,0.0,4006634500.0000014,r
2025081300350,1250069.9640000006,4006634500.0000014,r
2025081300351,2223682.1475000014,4006634500.0000014,r
2025081300352,2223682.1475000014,4006634500.0000014,r
2025081300353,2199642.340500001,4006634500.0000014,r
2025081300354,4198952.956000002,4006634500.0000014,r
2025081300355,4387264.777500002,4006634500.0000014,r
2025081300356,0.0,4006634500.0000014,r
2025081300357,4455377.564000002,4006634500.0000014,r
2025081300358,2227688.782000001,4006634500.0000014,r
2025081300359,4411304.584500003,4006634500.0000014,r
2025071900675,4138853.4385000025,4006634500.0000014,r
2025071900676,0.0,4006634500.0000014,r
2025071900677,2227688.782000001,4006634500.0000014,r
2025071900678,2107489.7470000014,4006634500.0000014,r
2025071900679,6426641.738000003,4006634500.0000014,r
2025071900680,63080453.56800003,4006634500.0000014,r
2025071900681,0.0,4006634500.0000014,r
2025071900682,38692069.36650002,4006634500.0000014,r
2025071900684,0.0,4006634500.0000014,r
2025071900685,2259741.8580000014,4006634500.0000014,r
2025071900686,0.0,4006634500.0000014,r
2025071900687,0.0,4006634500.0000014,r
2025071900688,1895138.118500001,4006634500.0000014,r
2025071900692,0.0,4006634500.0000014,r
2025071900693,709174.3065000004,4006634500.0000014,r
2025071900701,2131529.554000001,4006634500.0000014,r
2025071900702,114209116.42250007,4006634500.0000014,r
2025071900703,2195635.706000001,4006634500.0000014,r
2025071900704,2219675.513000001,4006634500.0000014,r
2025071900705,0.0,4006634500.0000014,r
2025071900706,52943668.28300002,4006634500.0000014,r
2025071900707,0.0,4006634500.0000014,r
2025071900708,67447685.17300004,4006634500.0000014,r
2025072000161,4371238.239500002,4006634500.0000014,r
2025072000162,2227688.782000001,4006634500.0000014,r
2025072000163,0.0,4006634500.0000014,r
2025072000164,0.0,4006634500.0000014,r
2025072000165,0.0,4006634500.0000014,r
2025072000166,0.0,4006634500.0000014,r
2025072000167,2223682.1475000014,4006634500.0000014,r
2025072000168,0.0,4006634500.0000014,r
2025080600369,0.0,4006634500.0000014,i
2025080600370,0.0,4006634500.0000014,i
2025080600371,0.0,4006634500.0000014,i
2025080600372,0.0,4006634500.0000014,i
2025080600398,0.0,4006634500.0000014,r
2025080600399,0.0,4006634500.0000014,r
2025080600400,0.0,4006634500.0000014,r
2025080600401,2123516.285000001,4006634500.0000014,r
2025080900254,0.0,4006634500.0000014,y
2025080900255,0.0,4006634500.0000014,y
2025080900256,0.0,4006634500.0000014,y
2025080900257,16695645.961500008,4006634500.0000014,y
2025080900258,15886305.792500008,4006634500.0000014,y
2025080900259,0.0,4006634500.0000014,y
2025080900260,87428771.42450005,4006634500.0000014,y
2025080900261,78850566.96000004,4006634500.0000014,y
2025080900262,15649914.357000008,4006634500.0000014,y
2025080900263,16691639.327000009,4006634500.0000014,y
2025080900264,16607500.002500009,4006634500.0000014,y
2025080900265,20205457.78350001,4006634500.0000014,y
2025080900266,11791525.333500003,4006634500.0000014,y
2025080900267,0.0,4006634500.0000014,y
2025080900268,0.0,4006634500.0000014,y
2025080900269,0.0,4006634500.0000014,y
2025080900270,0.0,4006634500.0000014,y
2025080900271,15657927.62600001,4006634500.0000014,y
2025080900272,16631539.809500009,4006634500.0000014,y
2025080900273,16671606.15450001,4006634500.0000014,y
2025080900274,0.0,4006634500.0000014,y
2025080900275,16298989.146000007,4006634500.0000014,y
2025080900276,0.0,4006634500.0000014,y
2025072800482,14540076.600500006,4006634500.0000014,z
2025072800483,0.0,4006634500.0000014,z
2025072800485,0.0,4006634500.0000014,z
2025072800486,0.0,4006634500.0000014,z
2025072800487,0.0,4006634500.0000014,z
2025072800489,0.0,4006634500.0000014,z
2025072800490,0.0,4006634500.0000014,z
2025072800491,79740039.81900004,4006634500.0000014,z
2025072800492,0.0,4006634500.0000014,z
2025072800493,0.0,4006634500.0000014,z
2025072800494,0.0,4006634500.0000014,z
2025072800495,0.0,4006634500.0000014,z
2025072800496,14768454.767000008,4006634500.0000014,z
2025072800497,0.0,4006634500.0000014,z
2025072800498,0.0,4006634500.0000014,z
2025072800499,0.0,4006634500.0000014,z
2025072800500,0.0,4006634500.0000014,z
2025072800501,0.0,4006634500.0000014,z
2025072800502,0.0,4006634500.0000014,z
2025072800503,0.0,4006634500.0000014,z
2025080600341,0.0,4006634500.0000014,i
2025080600342,0.0,4006634500.0000014,i
2025080600343,0.0,4006634500.0000014,i
2025080600344,0.0,4006634500.0000014,i
2025080600345,0.0,4006634500.0000014,i
2025080600346,0.0,4006634500.0000014,i
2025080600347,0.0,4006634500.0000014,i
2025080600348,0.0,4006634500.0000014,i
2025080600349,0.0,4006634500.0000014,i
2025080600350,0.0,4006634500.0000014,i
2025080600351,0.0,4006634500.0000014,i
2025081300360,0.0,4006634500.0000014,r
2025081300361,0.0,4006634500.0000014,r
2025081300371,0.0,4006634500.0000014,i
2025081300373,0.0,4006634500.0000014,i
2025081300374,0.0,4006634500.0000014,i
2025081300375,0.0,4006634500.0000014,i
2025081300376,0.0,4006634500.0000014,i
2025081300377,0.0,4006634500.0000014,i
2025081300378,0.0,4006634500.0000014,i
2025081300379,0.0,4006634500.0000014,i
2025081300380,0.0,4006634500.0000014,i
2025081300381,0.0,4006634500.0000014,i
2025081300382,0.0,4006634500.0000014,i
2025081300383,0.0,4006634500.0000014,i
2025081300384,0.0,4006634500.0000014,i
2025081300406,0.0,4006634500.0000014,i
2025081300407,0.0,4006634500.0000014,i
2025081300427,1518514.4755000006,4006634500.0000014,r
2025081300428,2227688.782000001,4006634500.0000014,r
2025081400230,6582900.483500003,4006634500.0000014,r
2025081400231,0.0,4006634500.0000014,r
2025081400280,2103483.112500001,4006634500.0000014,r
2025081400282,4443357.660500002,4006634500.0000014,r
2025081400283,3465738.8425000017,4006634500.0000014,i
2025081400321,2235702.0510000014,4006634500.0000014,r
2025081400322,4247032.570000002,4006634500.0000014,r
2025081400323,2223682.1475000014,4006634500.0000014,r
2025081400324,2207655.609500001,4006634500.0000014,r
2025081400325,2223682.1475000014,4006634500.0000014,r
2025081400326,0.0,4006634500.0000014,z
2025081400327,0.0,4006634500.0000014,z
2025070300403,,4006634500.0000014,g
2025070300404,,4006634500.0000014,i
2025070300405,,4006634500.0000014,i
2025070300406,,4006634500.0000014,i
2025070300407,,4006634500.0000014,i
2025070300408,,4006634500.0000014,z
2025070300409,,4006634500.0000014,z
2025070300411,,4006634500.0000014,z
2025070300424,,4006634500.0000014,z
2025070300425,,4006634500.0000014,z
2025070300426,,4006634500.0000014,z
2025070300427,,4006634500.0000014,z
2025070300428,,4006634500.0000014,z
2025070300429,,4006634500.0000014,z
2025070300432,,4006634500.0000014,z
2025070300433,,4006634500.0000014,z
2025070300434,,4006634500.0000014,z
2025070300660,,4006634500.0000014,g
2025070300663,,4006634500.0000014,g
2025070300664,,4006634500.0000014,g
2025070300666,,4006634500.0000014,g
2025070300667,,4006634500.0000014,g
2025070300668,,4006634500.0000014,g
2025070300669,,4006634500.0000014,g
2025070300670,,4006634500.0000014,g
2025070300671,,4006634500.0000014,g
2025070300672,,4006634500.0000014,g
2025070300673,,4006634500.0000014,g
2025070300674,,4006634500.0000014,g
2025070300675,,4006634500.0000014,g
2025070300676,,4006634500.0000014,g
2025072100537,0.0,4006634500.0000014,i
2025072100538,0.0,4006634500.0000014,i
2025072100539,0.0,4006634500.0000014,i
2025072100540,0.0,4006634500.0000014,i
2025072100541,0.0,4006634500.0000014,g
2025072100542,0.0,4006634500.0000014,g
2025072100543,0.0,4006634500.0000014,g
2025072100544,289719740.6950002,4006634500.0000014,u
2025072100545,289743780.5020001,4006634500.0000014,u
2025072100546,289815899.92300016,4006634500.0000014,u
2025072100547,290008218.3790001,4006634500.0000014,u
2025072100548,290372822.1185001,4006634500.0000014,u
2025072100549,290805538.64450014,4006634500.0000014,u
2025072100550,290949777.48650014,4006634500.0000014,u
2025072100551,291045936.7145001,4006634500.0000014,u
2025072100552,0.0,4006634500.0000014,i
2025072100600,76194168.28650005,4006634500.0000014,r
2025072100601,2207655.609500001,4006634500.0000014,r
2025072100602,6542834.138500003,4006634500.0000014,r
2025072100603,3513818.4565000017,4006634500.0000014,r
2025072100604,18610817.25250001,4006634500.0000014,r
2025072100605,2155569.361000001,4006634500.0000014,r
2025072100606,2239708.685500001,4006634500.0000014,r
2025072100607,4455377.564000002,4006634500.0000014,r
2025072100608,2239708.685500001,4006634500.0000014,r
2025072100609,0.0,4006634500.0000014,r
2025072100612,22092582.63300001,4006634500.0000014,r
2025072100613,0.0,4006634500.0000014,r
2025072100614,33491457.78550001,4006634500.0000014,r
2025072100625,2231695.4165000007,4006634500.0000014,r
2025072100626,0.0,4006634500.0000014,r
2025080900339,0.0,4006634500.0000014,z
2025080900340,0.0,4006634500.0000014,z
2025080900341,0.0,4006634500.0000014,z
2025080900342,73105053.08700003,4006634500.0000014,z
2025080900343,0.0,4006634500.0000014,z
2025080900344,0.0,4006634500.0000014,z
2025080900345,0.0,4006634500.0000014,z
2025080900346,0.0,4006634500.0000014,z
2025080900347,0.0,4006634500.0000014,z
2025080900348,0.0,4006634500.0000014,z
2025081000256,0.0,4006634500.0000014,i
2025081000257,0.0,4006634500.0000014,i
2025081000258,0.0,4006634500.0000014,i
2025081000259,0.0,4006634500.0000014,i
2025081000260,0.0,4006634500.0000014,i
2025081000268,0.0,4006634500.0000014,y
2025081000269,0.0,4006634500.0000014,y
2025081000270,0.0,4006634500.0000014,y
2025081000271,0.0,4006634500.0000014,y
2025081000272,0.0,4006634500.0000014,y
2025081000273,32489799.16050001,4006634500.0000014,y
2025081000274,78233545.24700002,4006634500.0000014,y
2025081000275,22561358.86950001,4006634500.0000014,y
2025081000276,0.0,4006634500.0000014,y
2025081000277,14443917.372500008,4006634500.0000014,y
2025081000278,0.0,4006634500.0000014,y
2025081000279,76118042.23100004,4006634500.0000014,y
2025081000280,0.0,4006634500.0000014,y
2025081000281,0.0,4006634500.0000014,y
2025081000302,0.0,4006634500.0000014,y
2025081000303,0.0,4006634500.0000014,y
2025072100627,39132799.161500014,4006634500.0000014,r
2025072100628,20978738.24200001,4006634500.0000014,r
2025072100629,2239708.685500001,4006634500.0000014,r
2025072100630,0.0,4006634500.0000014,r
2025072100631,0.0,4006634500.0000014,r
2025072100632,1390302.1715000009,4006634500.0000014,r
2025072100633,2191629.071500001,4006634500.0000014,r
2025072100634,0.0,4006634500.0000014,r
2025072100635,0.0,4006634500.0000014,r
2025072100636,0.0,4006634500.0000014,r
2025072100637,0.0,4006634500.0000014,r
2025072100638,0.0,4006634500.0000014,r
2025072100642,0.0,4006634500.0000014,r
2025072100643,0.0,4006634500.0000014,r
2025072100644,2223682.1475000014,4006634500.0000014,r
2025072100646,2151562.7265000013,4006634500.0000014,r
2025072100647,4375244.874000002,4006634500.0000014,r
2025072100648,24460503.622500014,4006634500.0000014,r
2025072100649,2239708.685500001,4006634500.0000014,r
2025072100653,85705918.58950004,4006634500.0000014,g
2025072100654,3065075.392500001,4006634500.0000014,g
2025072100655,0.0,4006634500.0000014,g
2025072100656,12701031.365000006,4006634500.0000014,g
2025072100657,76410526.54950003,4006634500.0000014,g
2025072100658,0.0,4006634500.0000014,g
2025072100659,0.0,4006634500.0000014,g
2025072100660,3089115.199500002,4006634500.0000014,g
2025072100661,0.0,4006634500.0000014,g
2025072100662,0.0,4006634500.0000014,g
2025072100665,91571631.49750005,4006634500.0000014,g
2025072100666,0.0,4006634500.0000014,g
2025072000276,,4006634500.0000014,u
2025072000277,8578204.464500004,4006634500.0000014,u
2025072000278,0.0,4006634500.0000014,u
2025072000279,8149494.573000004,4006634500.0000014,u
2025072000280,285240323.3240001,4006634500.0000014,u
2025072000281,570280314.9230002,4006634500.0000014,u
2025072000282,529725160.5140003,4006634500.0000014,u
2025072000285,29008033.78000001,4006634500.0000014,u
2025072000391,,4006634500.0000014,g
2025072000498,,4006634500.0000014,u
2025072000501,,4006634500.0000014,r
2025072000502,,4006634500.0000014,r
2025072000503,,4006634500.0000014,r
2025072000504,0.0,4006634500.0000014,r
2025072000506,,4006634500.0000014,r
2025072000507,,4006634500.0000014,r
2025072000508,,4006634500.0000014,r
2025072000509,,4006634500.0000014,r
2025072100040,0.0,4006634500.0000014,r
2025072100047,,4006634500.0000014,r
2025072100049,,4006634500.0000014,r
2025072100099,,4006634500.0000014,g
2025072100106,,4006634500.0000014,g
2025072100108,,4006634500.0000014,g
2025072100164,,4006634500.0000014,i
2025072100165,,4006634500.0000014,i
2025072100166,,4006634500.0000014,i
2025072100169,,4006634500.0000014,i
2025072100170,,4006634500.0000014,i
2025072100171,,4006634500.0000014,i
2025072100172,,4006634500.0000014,i
2025090200255,,4006634500.0000014,z
2025090200256,,4006634500.0000014,z
2025090200257,,4006634500.0000014,z
2025090200260,,4006634500.0000014,z
2025090200261,,4006634500.0000014,z
2025090200262,,4006634500.0000014,i
2025090200263,,4006634500.0000014,i
2025090200264,,4006634500.0000014,i
2025090200265,,4006634500.0000014,i
2025090200266,,4006634500.0000014,i
2025090200267,,4006634500.0000014,i
2025090200268,,4006634500.0000014,i
2025090200271,,4006634500.0000014,i
2025090200272,,4006634500.0000014,i
2025090200273,,4006634500.0000014,i
2025090200277,,4006634500.0000014,i
2025090200278,,4006634500.0000014,i
2025090200279,,4006634500.0000014,i
2025090200280,,4006634500.0000014,i
2025090200281,,4006634500.0000014,i
2025090200282,,4006634500.0000014,i
2025090200283,,4006634500.0000014,i
2025090200284,,4006634500.0000014,i
2025090200285,,4006634500.0000014,i
2025090200286,,4006634500.0000014,i
2025090200287,,4006634500.0000014,z
2025090200291,,4006634500.0000014,z
2025090200292,,4006634500.0000014,z
2025090200293,,4006634500.0000014,z
2025090200294,,4006634500.0000014,z
2025070400394,73505716.53700003,4006634500.0000014,y
2025070400395,74230917.38150004,4006634500.0000014,y
2025070400396,44601855.25400003,4006634500.0000014,y
2025070400397,16871937.87950001,4006634500.0000014,y
2025070400398,0.0,4006634500.0000014,y
2025070400399,0.0,4006634500.0000014,y
2025070400400,16683626.058000008,4006634500.0000014,y
2025070400401,0.0,4006634500.0000014,y
2025070400402,0.0,4006634500.0000014,y
2025070400403,0.0,4006634500.0000014,y
2025070400404,0.0,4006634500.0000014,y
2025070400405,15645907.72250001,4006634500.0000014,y
2025070400406,0.0,4006634500.0000014,y
2025070400407,16170776.842000008,4006634500.0000014,y
2025070400408,0.0,4006634500.0000014,y
2025070400409,0.0,4006634500.0000014,y
2025070400413,71093722.56800003,4006634500.0000014,y
2025070400414,15301337.155500006,4006634500.0000014,y
2025070400415,84656180.35050005,4006634500.0000014,y
2025070400416,0.0,4006634500.0000014,y
2025070400417,0.0,4006634500.0000014,y
2025070400418,15237231.003500007,4006634500.0000014,y
2025070400419,0.0,4006634500.0000014,y
2025070400420,0.0,4006634500.0000014,y
2025070400421,32638044.63700002,4006634500.0000014,y
2025070400422,0.0,4006634500.0000014,y
2025070400423,31588306.398000017,4006634500.0000014,y
2025070400424,0.0,4006634500.0000014,y
2025070400425,0.0,4006634500.0000014,y
2025070400426,0.0,4006634500.0000014,y
2025070400427,0.0,4006634500.0000014,y
2025072000169,0.0,4006634500.0000014,r
2025072000170,0.0,4006634500.0000014,r
2025072000172,0.0,4006634500.0000014,r
2025072000198,0.0,4006634500.0000014,r
2025072000200,0.0,4006634500.0000014,r
2025072000204,0.0,4006634500.0000014,r
2025072000205,0.0,4006634500.0000014,i
2025072000206,0.0,4006634500.0000014,i
2025072000207,0.0,4006634500.0000014,i
2025072000208,0.0,4006634500.0000014,i
2025072000209,0.0,4006634500.0000014,i
2025072000210,0.0,4006634500.0000014,i
2025072000211,0.0,4006634500.0000014,i
2025072000212,0.0,4006634500.0000014,i
2025072000213,0.0,4006634500.0000014,i
2025072000214,0.0,4006634500.0000014,i
2025072000216,0.0,4006634500.0000014,i
2025072000240,0.0,4006634500.0000014,i
2025072000241,0.0,4006634500.0000014,i
2025072000246,0.0,4006634500.0000014,i
2025072000248,0.0,4006634500.0000014,i
2025072000252,0.0,4006634500.0000014,i
2025072000253,0.0,4006634500.0000014,g
2025072000267,18025848.61550001,4006634500.0000014,g
2025072000268,0.0,4006634500.0000014,g
2025072000270,8902741.859000005,4006634500.0000014,u
2025072000271,485936652.0635002,4006634500.0000014,u
2025072000272,542289966.3060004,4006634500.0000014,u
2025072000273,8730456.575500004,4006634500.0000014,u
2025072000274,3249380.579500002,4006634500.0000014,u
2025072000275,9034960.797500003,4006634500.0000014,u
2025070400762,,4006634500.0000014,i
2025070400764,,4006634500.0000014,i
2025070400766,,4006634500.0000014,i
2025070400767,,4006634500.0000014,i
2025070400768,,4006634500.0000014,i
2025070400769,,4006634500.0000014,i
2025070400770,,4006634500.0000014,z
2025070400771,,4006634500.0000014,z
2025070400772,,4006634500.0000014,z
2025070400773,,4006634500.0000014,z
2025070400774,,4006634500.0000014,z
2025070400775,,4006634500.0000014,z
2025070400777,,4006634500.0000014,z
2025070400807,,4006634500.0000014,z
2025070400808,,4006634500.0000014,z
2025070400809,,4006634500.0000014,z
2025070400810,,4006634500.0000014,z
2025070400812,,4006634500.0000014,z
2025070400814,,4006634500.0000014,z
2025070400815,,4006634500.0000014,z
2025070400816,,4006634500.0000014,z
2025070400817,,4006634500.0000014,z
2025070600210,0.0,4006634500.0000014,y
2025070600211,0.0,4006634500.0000014,y
2025070600212,0.0,4006634500.0000014,y
2025070600213,0.0,4006634500.0000014,y
2025070600215,0.0,4006634500.0000014,y
2025070600216,0.0,4006634500.0000014,y
2025070600225,0.0,4006634500.0000014,y
2025070600226,0.0,4006634500.0000014,y
2025070600258,0.0,4006634500.0000014,y
2025081000515,0.0,4006634500.0000014,y
2025081000516,0.0,4006634500.0000014,y
2025081000517,0.0,4006634500.0000014,y
2025081000518,0.0,4006634500.0000014,y
2025081000519,0.0,4006634500.0000014,y
2025081000520,0.0,4006634500.0000014,i
2025081000521,0.0,4006634500.0000014,i
2025081200229,0.0,4006634500.0000014,g
2025081200230,0.0,4006634500.0000014,g
2025081200231,0.0,4006634500.0000014,g
2025081200232,0.0,4006634500.0000014,g
2025081200233,0.0,4006634500.0000014,g
2025081200234,0.0,4006634500.0000014,g
2025081200235,0.0,4006634500.0000014,i
2025081200236,0.0,4006634500.0000014,i
2025081200237,0.0,4006634500.0000014,i
2025081200238,0.0,4006634500.0000014,i
2025081200239,0.0,4006634500.0000014,i
2025081200240,0.0,4006634500.0000014,i
2025081300305,2147556.0920000006,4006634500.0000014,r
2025081300306,0.0,4006634500.0000014,r
2025081300307,2123516.285000001,4006634500.0000014,r
2025081300308,0.0,4006634500.0000014,r
2025081300309,0.0,4006634500.0000014,r
2025081300310,0.0,4006634500.0000014,r
2025081300311,0.0,4006634500.0000014,r
2025081300312,0.0,4006634500.0000014,r
2025081300313,0.0,4006634500.0000014,r
2025081300314,0.0,4006634500.0000014,r
2025081300315,0.0,4006634500.0000014,r
2025081300316,0.0,4006634500.0000014,r
2025070800260,,4006634500.0000014,y
2025070800261,,4006634500.0000014,y
2025070800264,,4006634500.0000014,y
2025070800265,,4006634500.0000014,y
2025070800266,,4006634500.0000014,y
2025070800267,,4006634500.0000014,y
2025070800268,,4006634500.0000014,y
2025070800269,,4006634500.0000014,y
2025070800270,,4006634500.0000014,y
2025070800271,,4006634500.0000014,y
2025070800272,,4006634500.0000014,y
2025070800274,,4006634500.0000014,y
2025070800302,,4006634500.0000014,r
2025070800303,,4006634500.0000014,r
2025070800304,,4006634500.0000014,r
2025070800305,,4006634500.0000014,r
2025070800306,,4006634500.0000014,r
2025070800307,,4006634500.0000014,z
2025070800308,,4006634500.0000014,z
2025070800309,,4006634500.0000014,z
2025070800310,,4006634500.0000014,z
2025070800311,,4006634500.0000014,z
2025070800337,,4006634500.0000014,i
2025070800338,,4006634500.0000014,i
2025070800339,,4006634500.0000014,i
2025070800550,,4006634500.0000014,z
2025070800551,,4006634500.0000014,z
2025070800552,,4006634500.0000014,z
2025070800553,,4006634500.0000014,z
2025070800554,,4006634500.0000014,z
2025070800555,,4006634500.0000014,z
2025060400413,,4006634500.0000014,g
2025060400414,,4006634500.0000014,g
2025060400417,,4006634500.0000014,r
2025060400418,,4006634500.0000014,r
2025060400419,,4006634500.0000014,r
2025060400420,,4006634500.0000014,r
2025060400421,,4006634500.0000014,r
2025060400422,,4006634500.0000014,r
2025060400423,,4006634500.0000014,r
2025060400424,,4006634500.0000014,r
2025060400425,,4006634500.0000014,r
2025060400426,,4006634500.0000014,r
2025060400427,,4006634500.0000014,r
2025060400428,,4006634500.0000014,r
2025060400429,,4006634500.0000014,r
2025060400430,,4006634500.0000014,r
2025060400431,,4006634500.0000014,r
2025060400432,,4006634500.0000014,r
2025060400433,,4006634500.0000014,r
2025060800477,,4006634500.0000014,y
2025060800478,,4006634500.0000014,y
2025060800479,,4006634500.0000014,y
2025060800480,,4006634500.0000014,y
2025060800481,,4006634500.0000014,y
2025060800482,,4006634500.0000014,y
2025060800483,,4006634500.0000014,y
2025060800484,,4006634500.0000014,y
2025060800485,,4006634500.0000014,y
2025060800486,,4006634500.0000014,y
2025060800487,,4006634500.0000014,y
2025060800488,,4006634500.0000014,y
2025060900557,,4006634500.0000014,y
2025060900558,,4006634500.0000014,y
2025060900559,,4006634500.0000014,y
2025060900560,,4006634500.0000014,y
2025060900561,,4006634500.0000014,y
2025060900562,,4006634500.0000014,y
2025060900563,,4006634500.0000014,y
2025060900564,,4006634500.0000014,y
2025060900565,,4006634500.0000014,y
2025060900566,,4006634500.0000014,y
2025060900567,,4006634500.0000014,y
2025060900568,,4006634500.0000014,y
2025060900569,,4006634500.0000014,y
2025060900570,,4006634500.0000014,y
2025060900571,,4006634500.0000014,y
2025060900572,,4006634500.0000014,y
2025060900573,,4006634500.0000014,y
2025060900574,,4006634500.0000014,y
2025060900575,,4006634500.0000014,y
2025060900576,,4006634500.0000014,y
2025060900577,,4006634500.0000014,y
2025060900578,,4006634500.0000014,y
2025060900579,,4006634500.0000014,i
2025060900580,,4006634500.0000014,i
2025060900581,,4006634500.0000014,i
2025060900582,,4006634500.0000014,i
2025060900583,,4006634500.0000014,i
2025060900584,,4006634500.0000014,i
2025060900585,,4006634500.0000014,i
2025060900586,,4006634500.0000014,i
2025060900587,,4006634500.0000014,i
2025070800597,,4006634500.0000014,i
2025070800598,,4006634500.0000014,i
2025070800599,,4006634500.0000014,i
2025070800600,,4006634500.0000014,i
2025070800601,,4006634500.0000014,i
2025070800602,,4006634500.0000014,i
2025070800603,,4006634500.0000014,i
2025070800604,,4006634500.0000014,i
2025070800608,,4006634500.0000014,i
2025070800609,,4006634500.0000014,i
2025070800610,,4006634500.0000014,i
2025070800611,,4006634500.0000014,i
2025070900368,,4006634500.0000014,y
2025070900369,,4006634500.0000014,y
2025070900410,,4006634500.0000014,y
2025070900411,,4006634500.0000014,y
2025070900415,,4006634500.0000014,y
2025070900416,,4006634500.0000014,z
2025070900417,,4006634500.0000014,z
2025070900458,,4006634500.0000014,z
2025070900459,,4006634500.0000014,z
2025070900463,,4006634500.0000014,z
2025070900464,,4006634500.0000014,g
2025070900465,,4006634500.0000014,g
2025070900466,,4006634500.0000014,g
2025070900467,,4006634500.0000014,g
2025070900468,,4006634500.0000014,i
2025070900469,,4006634500.0000014,i
2025070900470,,4006634500.0000014,i
2025070900471,,4006634500.0000014,i
2025070900472,,4006634500.0000014,y
2025081000484,0.0,4006634500.0000014,i
2025081000485,0.0,4006634500.0000014,i
2025081000486,0.0,4006634500.0000014,i
2025081000487,0.0,4006634500.0000014,z
2025081000488,0.0,4006634500.0000014,z
2025081000489,0.0,4006634500.0000014,z
2025081000490,0.0,4006634500.0000014,z
2025081000491,0.0,4006634500.0000014,z
2025081000492,0.0,4006634500.0000014,z
2025081000493,0.0,4006634500.0000014,i
2025081000494,0.0,4006634500.0000014,r
2025081000495,0.0,4006634500.0000014,i
2025081000496,0.0,4006634500.0000014,y
2025081000497,0.0,4006634500.0000014,y
2025081000498,23887554.88900001,4006634500.0000014,y
2025081000499,0.0,4006634500.0000014,y
2025081000500,0.0,4006634500.0000014,y
2025081000501,0.0,4006634500.0000014,y
2025081000502,2712491.5565000013,4006634500.0000014,y
2025081000503,0.0,4006634500.0000014,y
2025081000504,0.0,4006634500.0000014,y
2025081000505,0.0,4006634500.0000014,y
2025081000506,0.0,4006634500.0000014,y
2025081000507,0.0,4006634500.0000014,y
2025081000508,0.0,4006634500.0000014,y
2025081000509,0.0,4006634500.0000014,y
2025081000510,24007753.924000014,4006634500.0000014,y
2025081000511,0.0,4006634500.0000014,y
2025081000512,0.0,4006634500.0000014,y
2025081000513,0.0,4006634500.0000014,y
2025081000514,2688451.749500002,4006634500.0000014,y
2025071800284,28046441.50000001,4006634500.0000014,u
2025071800289,248603657.4560001,4006634500.0000014,u
2025071800468,0.0,4006634500.0000014,r
2025071800469,0.0,4006634500.0000014,r
2025071800470,0.0,4006634500.0000014,r
2025071800471,0.0,4006634500.0000014,r
2025071800472,0.0,4006634500.0000014,r
2025071800473,0.0,4006634500.0000014,r
2025071800474,12244275.032000003,4006634500.0000014,r
2025071800475,0.0,4006634500.0000014,r
2025071800476,79243217.14100005,4006634500.0000014,r
2025071800477,2247721.954500001,4006634500.0000014,r
2025071800478,24484543.429500014,4006634500.0000014,r
2025071800479,3477758.746000002,4006634500.0000014,r
2025071800480,16855911.34150001,4006634500.0000014,r
2025071800481,4443357.660500002,4006634500.0000014,r
2025071800486,0.0,4006634500.0000014,r
2025071800487,2223682.1475000014,4006634500.0000014,r
2025071800488,0.0,4006634500.0000014,i
2025071800489,0.0,4006634500.0000014,i
2025071800491,0.0,4006634500.0000014,i
2025071800492,0.0,4006634500.0000014,i
2025071800493,0.0,4006634500.0000014,i
2025071800494,0.0,4006634500.0000014,i
2025071800499,0.0,4006634500.0000014,i
2025071800500,0.0,4006634500.0000014,i
2025071800504,0.0,4006634500.0000014,i
2025071800505,0.0,4006634500.0000014,i
2025071800506,0.0,4006634500.0000014,i
2025071800508,0.0,4006634500.0000014,i
2025071800512,0.0,4006634500.0000014,i
2025081600433,0.0,4006634500.0000014,r
2025081600434,4202959.590500003,4006634500.0000014,r
2025081600435,4447364.295000003,4006634500.0000014,r
2025081600436,2207655.609500001,4006634500.0000014,r
2025081600437,4459384.198500002,4006634500.0000014,r
2025081600438,18943367.91600001,4006634500.0000014,r
2025081600439,6534820.869500003,4006634500.0000014,r
2025081600440,4355211.701500002,4006634500.0000014,r
2025081600441,6178230.399000004,4006634500.0000014,r
2025081600442,0.0,4006634500.0000014,r
2025081600443,0.0,4006634500.0000014,r
2025081600444,2223682.1475000014,4006634500.0000014,r
2025081600457,0.0,4006634500.0000014,r
2025081600460,0.0,4006634500.0000014,i
2025081600461,0.0,4006634500.0000014,i
2025081600462,0.0,4006634500.0000014,i
2025081600463,16391141.739500009,4006634500.0000014,i
2025081600464,0.0,4006634500.0000014,i
2025081600465,0.0,4006634500.0000014,i
2025081600466,0.0,4006634500.0000014,i
2025081600467,1782952.3525000007,4006634500.0000014,i
2025081600468,0.0,4006634500.0000014,i
2025081600469,0.0,4006634500.0000014,i
2025081600470,0.0,4006634500.0000014,i
2025081600471,0.0,4006634500.0000014,i
2025081600472,1770932.449000001,4006634500.0000014,i
2025081600473,0.0,4006634500.0000014,i
2025081600474,0.0,4006634500.0000014,i
2025081600475,0.0,4006634500.0000014,i
2025081600476,0.0,4006634500.0000014,i
2025081600477,0.0,4006634500.0000014,i
2025071900600,4074747.286500002,4006634500.0000014,r
2025071900601,4078753.921000002,4006634500.0000014,r
2025071900602,4070740.652000002,4006634500.0000014,r
2025071900603,4058720.748500002,4006634500.0000014,r
2025071900604,8618270.809500003,4006634500.0000014,u
2025071900605,8602244.271500004,4006634500.0000014,u
2025071900606,8606250.906000005,4006634500.0000014,u
2025071900607,0.0,4006634500.0000014,z
2025071900608,0.0,4006634500.0000014,z
2025071900609,0.0,4006634500.0000014,z
2025071900610,0.0,4006634500.0000014,z
2025071900611,0.0,4006634500.0000014,z
2025071900613,95185615.81650004,4006634500.0000014,g
2025071900614,81338686.98450004,4006634500.0000014,g
2025071900615,15982465.020500006,4006634500.0000014,g
2025071900616,32573938.48500001,4006634500.0000014,g
2025071900617,5585248.493000004,4006634500.0000014,g
2025071900618,0.0,4006634500.0000014,g
2025071900619,0.0,4006634500.0000014,g
2025071900620,0.0,4006634500.0000014,g
2025071900621,39493396.26650002,4006634500.0000014,g
2025071900622,86078535.59800005,4006634500.0000014,g
2025071900623,0.0,4006634500.0000014,g
2025071900624,0.0,4006634500.0000014,g
2025071900625,0.0,4006634500.0000014,g
2025071900626,0.0,4006634500.0000014,g
2025071900627,0.0,4006634500.0000014,g
2025071900628,0.0,4006634500.0000014,g
2025071900629,0.0,4006634500.0000014,g
2025071900630,0.0,4006634500.0000014,g
2025071900631,25069512.06650001,4006634500.0000014,g
2025072200187,,4006634500.0000014,g
2025072200188,,4006634500.0000014,g
2025072200191,,4006634500.0000014,g
2025072200192,,4006634500.0000014,r
2025072200193,,4006634500.0000014,r
2025072200194,,4006634500.0000014,r
2025072200195,,4006634500.0000014,r
2025072200196,,4006634500.0000014,r
2025072200197,,4006634500.0000014,r
2025072200199,,4006634500.0000014,r
2025072200200,,4006634500.0000014,r
2025072200221,,4006634500.0000014,r
2025072200222,2231695.4165000007,4006634500.0000014,r
2025072200227,2235702.0510000014,4006634500.0000014,r
2025072200228,0.0,4006634500.0000014,r
2025072200233,0.0,4006634500.0000014,r
2025072200234,0.0,4006634500.0000014,r
2025072200237,25570341.37900001,4006634500.0000014,r
2025072200238,20265557.30100001,4006634500.0000014,u
2025072200240,3029015.6820000014,4006634500.0000014,u
2025072200241,4519483.716000003,4006634500.0000014,u
2025072200242,8810589.265500005,4006634500.0000014,u
2025072200243,4551536.792000003,4006634500.0000014,u
2025072200247,0.0,4006634500.0000014,u
2025072200248,207054857.6910001,4006634500.0000014,u
2025072200249,4543523.523000002,4006634500.0000014,u
2025072200250,523462790.7905003,4006634500.0000014,u
2025072200251,0.0,4006634500.0000014,u
2025072200252,9030954.163000004,4006634500.0000014,u
2025072200253,214499184.59200013,4006634500.0000014,u
2025072200254,4255045.839000002,4006634500.0000014,u
2025090400110,,4006634500.0000014,r
2025090400111,,4006634500.0000014,r
2025090400112,,4006634500.0000014,z
2025090400113,,4006634500.0000014,z
2025090400114,,4006634500.0000014,z
2025090500225,,4006634500.0000014,i
2025090500226,,4006634500.0000014,i
2025090500227,,4006634500.0000014,i
2025090500228,0.0,4006634500.0000014,i
2025090500229,0.0,4006634500.0000014,i
2025090500230,0.0,4006634500.0000014,i
2025090500254,0.0,4006634500.0000014,i
2025090500255,0.0,4006634500.0000014,i
2025090500256,0.0,4006634500.0000014,i
2025090500257,1470434.8615000008,4006634500.0000014,i
2025090500258,0.0,4006634500.0000014,i
2025090500259,0.0,4006634500.0000014,i
2025090500260,0.0,4006634500.0000014,i
2025090500261,0.0,4006634500.0000014,i
2025090500262,0.0,4006634500.0000014,i
2025090500263,0.0,4006634500.0000014,i
2025090500264,0.0,4006634500.0000014,i
2025090500265,0.0,4006634500.0000014,i
2025090500266,0.0,4006634500.0000014,i
2025090500267,0.0,4006634500.0000014,i
2025090500268,0.0,4006634500.0000014,g
2025090500269,0.0,4006634500.0000014,g
2025090500270,0.0,4006634500.0000014,g
2025090500271,2932856.4540000013,4006634500.0000014,g
2025090500272,0.0,4006634500.0000014,g
2025071700595,0.0,4006634500.0000014,g
2025071700596,0.0,4006634500.0000014,g
2025071700597,0.0,4006634500.0000014,g
2025071700598,0.0,4006634500.0000014,g
2025071700599,0.0,4006634500.0000014,g
2025071700600,0.0,4006634500.0000014,g
2025071700601,0.0,4006634500.0000014,g
2025071700602,0.0,4006634500.0000014,i
2025071700603,0.0,4006634500.0000014,i
2025071700604,0.0,4006634500.0000014,i
2025071700605,0.0,4006634500.0000014,i
2025071700606,0.0,4006634500.0000014,i
2025071700607,0.0,4006634500.0000014,i
2025071700608,0.0,4006634500.0000014,i
2025071700609,0.0,4006634500.0000014,i
2025071700610,0.0,4006634500.0000014,i
2025071700611,0.0,4006634500.0000014,i
2025071700612,0.0,4006634500.0000014,i
2025071700613,0.0,4006634500.0000014,i
2025071700628,0.0,4006634500.0000014,i
2025071700629,16775778.651500007,4006634500.0000014,i
2025071700630,0.0,4006634500.0000014,i
2025071700631,0.0,4006634500.0000014,i
2025071700632,0.0,4006634500.0000014,i
2025071700633,0.0,4006634500.0000014,i
2025071700634,0.0,4006634500.0000014,i
2025071700636,0.0,4006634500.0000014,i
2025071700638,0.0,4006634500.0000014,i
2025071700639,0.0,4006634500.0000014,i
2025071700640,0.0,4006634500.0000014,i
2025071700641,1738879.373000001,4006634500.0000014,i
2025072800398,2207655.609500001,4006634500.0000014,r
2025072800399,2207655.609500001,4006634500.0000014,r
2025072800400,2219675.513000001,4006634500.0000014,r
2025072800401,2187622.437000001,4006634500.0000014,r
2025072800402,0.0,4006634500.0000014,r
2025072800403,0.0,4006634500.0000014,r
2025072800404,0.0,4006634500.0000014,r
2025072800405,0.0,4006634500.0000014,r
2025072800406,0.0,4006634500.0000014,r
2025072800407,0.0,4006634500.0000014,r
2025072800408,0.0,4006634500.0000014,i
2025072800410,39649655.01200002,4006634500.0000014,i
2025072800413,16996143.54900001,4006634500.0000014,i
2025072800415,0.0,4006634500.0000014,i
2025072800416,35494775.03550002,4006634500.0000014,i
2025072800417,0.0,4006634500.0000014,i
2025072800418,16571440.292000009,4006634500.0000014,i
2025072800419,96720156.83000004,4006634500.0000014,i
2025072800426,0.0,4006634500.0000014,i
2025072800427,0.0,4006634500.0000014,i
2025072800428,16555413.75400001,4006634500.0000014,i
2025072800429,0.0,4006634500.0000014,i
2025072800430,0.0,4006634500.0000014,i
2025072800431,0.0,4006634500.0000014,i
2025072800432,0.0,4006634500.0000014,i
2025072800433,0.0,4006634500.0000014,i
2025072800434,1778945.7180000008,4006634500.0000014,i
2025072800435,0.0,4006634500.0000014,i
2025072800437,1710832.9315000006,4006634500.0000014,i
2025072800438,0.0,4006634500.0000014,i
2025072800439,0.0,4006634500.0000014,i
2025070400352,16663592.885500008,4006634500.0000014,y
2025070400353,0.0,4006634500.0000014,y
2025070400354,0.0,4006634500.0000014,y
2025070400355,0.0,4006634500.0000014,y
2025070400356,0.0,4006634500.0000014,y
2025070400357,,4006634500.0000014,y
2025070400358,0.0,4006634500.0000014,y
2025070400359,16110677.324500008,4006634500.0000014,y
2025070400360,0.0,4006634500.0000014,y
2025070400361,,4006634500.0000014,y
2025070400365,71137795.54750003,4006634500.0000014,y
2025070400366,0.0,4006634500.0000014,y
2025070400367,14463950.545000007,4006634500.0000014,y
2025070400368,0.0,4006634500.0000014,y
2025070400369,0.0,4006634500.0000014,y
2025070400370,15213191.196500009,4006634500.0000014,y
2025070400371,0.0,4006634500.0000014,y
2025070400372,0.0,4006634500.0000014,y
2025070400373,32658077.809500016,4006634500.0000014,y
2025070400374,0.0,4006634500.0000014,y
2025070400375,31624366.10850001,4006634500.0000014,y
2025070400376,0.0,4006634500.0000014,y
2025070400377,0.0,4006634500.0000014,y
2025070400378,0.0,4006634500.0000014,y
2025070400379,0.0,4006634500.0000014,y
2025070400380,15092992.161500009,4006634500.0000014,y
2025070400385,0.0,4006634500.0000014,y
2025070400387,0.0,4006634500.0000014,y
2025070400388,84972704.47600004,4006634500.0000014,y
2025070400389,0.0,4006634500.0000014,y
2025070400393,0.0,4006634500.0000014,y
2025071900632,294671940.93700016,4006634500.0000014,g
2025071900633,14556103.138500009,4006634500.0000014,g
2025071900634,48348058.51150002,4006634500.0000014,g
2025071900636,0.0,4006634500.0000014,g
2025071900637,0.0,4006634500.0000014,g
2025071900638,0.0,4006634500.0000014,g
2025071900639,0.0,4006634500.0000014,g
2025071900640,0.0,4006634500.0000014,g
2025071900644,0.0,4006634500.0000014,g
2025071900645,0.0,4006634500.0000014,g
2025071900653,22645498.19400001,4006634500.0000014,g
2025071900654,90157289.51900004,4006634500.0000014,g
2025071900655,0.0,4006634500.0000014,g
2025071900656,15076965.623500008,4006634500.0000014,g
2025071900657,0.0,4006634500.0000014,g
2025071900658,39072699.64400002,4006634500.0000014,g
2025071900659,0.0,4006634500.0000014,g
2025071900661,99068044.64700004,4006634500.0000014,r
2025071900662,22761690.59450001,4006634500.0000014,r
2025071900663,20393769.605000008,4006634500.0000014,r
2025071900664,4138853.4385000025,4006634500.0000014,r
2025071900665,2207655.609500001,4006634500.0000014,r
2025071900666,2219675.513000001,4006634500.0000014,r
2025071900667,20874565.74500001,4006634500.0000014,r
2025071900668,4423324.488000002,4006634500.0000014,r
2025071900669,21082910.73900001,4006634500.0000014,r
2025071900670,37886735.83200002,4006634500.0000014,r
2025071900671,0.0,4006634500.0000014,r
2025071900672,1786958.9870000011,4006634500.0000014,r
2025071900673,2211662.244000001,4006634500.0000014,r
2025071900674,0.0,4006634500.0000014,r
2025071200719,0.0,4006634500.0000014,r
2025071200733,0.0,4006634500.0000014,r
2025071200734,0.0,4006634500.0000014,z
2025071200735,0.0,4006634500.0000014,z
2025071200736,0.0,4006634500.0000014,z
2025071200737,0.0,4006634500.0000014,z
2025071200738,0.0,4006634500.0000014,z
2025071200739,0.0,4006634500.0000014,z
2025071200740,0.0,4006634500.0000014,z
2025071200741,0.0,4006634500.0000014,z
2025071200742,0.0,4006634500.0000014,z
2025071200743,0.0,4006634500.0000014,z
2025071200744,0.0,4006634500.0000014,z
2025071200745,0.0,4006634500.0000014,z
2025071300494,0.0,4006634500.0000014,g
2025071300495,0.0,4006634500.0000014,g
2025071300496,0.0,4006634500.0000014,g
2025071300497,0.0,4006634500.0000014,g
2025071300498,0.0,4006634500.0000014,i
2025071300499,0.0,4006634500.0000014,i
2025071300500,0.0,4006634500.0000014,i
2025071300501,0.0,4006634500.0000014,i
2025071300620,0.0,4006634500.0000014,r
2025071300621,0.0,4006634500.0000014,r
2025071300622,2259741.8580000014,4006634500.0000014,r
2025071300623,0.0,4006634500.0000014,r
2025071300624,8770522.920500005,4006634500.0000014,r
2025071300625,2199642.340500001,4006634500.0000014,r
2025071300626,0.0,4006634500.0000014,r
2025071300628,0.0,4006634500.0000014,r
2025071300629,2199642.340500001,4006634500.0000014,r
2025070700299,,4006634500.0000014,y
2025070700300,,4006634500.0000014,y
2025070700301,,4006634500.0000014,y
2025070700302,,4006634500.0000014,y
2025070700306,,4006634500.0000014,y
2025070700307,,4006634500.0000014,y
2025070700308,,4006634500.0000014,y
2025070700309,,4006634500.0000014,y
2025070700310,,4006634500.0000014,y
2025070700312,,4006634500.0000014,y
2025070700313,,4006634500.0000014,y
2025070700315,,4006634500.0000014,y
2025070700316,,4006634500.0000014,y
2025070700317,,4006634500.0000014,y
2025070700318,,4006634500.0000014,y
2025070700319,,4006634500.0000014,y
2025070700322,,4006634500.0000014,y
2025070700363,,4006634500.0000014,y
2025070700364,,4006634500.0000014,y
2025070700365,,4006634500.0000014,y
2025070700366,,4006634500.0000014,y
2025070700367,,4006634500.0000014,y
2025070700370,,4006634500.0000014,y
2025070700410,,4006634500.0000014,i
2025070700411,,4006634500.0000014,i
2025070700458,,4006634500.0000014,z
2025070700459,,4006634500.0000014,z
2025070700563,,4006634500.0000014,g
2025070700564,,4006634500.0000014,g
2025070700565,,4006634500.0000014,g
2025070700566,,4006634500.0000014,g
2025070300708,,4006634500.0000014,r
2025070300711,,4006634500.0000014,r
2025070300712,,4006634500.0000014,r
2025070300714,,4006634500.0000014,r
2025070300715,,4006634500.0000014,r
2025070300716,,4006634500.0000014,r
2025070300717,,4006634500.0000014,r
2025070300718,,4006634500.0000014,r
2025070300719,,4006634500.0000014,r
2025070300720,,4006634500.0000014,r
2025070300721,,4006634500.0000014,r
2025070300722,,4006634500.0000014,r
2025070300723,,4006634500.0000014,r
2025070300724,,4006634500.0000014,r
2025070400261,,4006634500.0000014,y
2025070400307,52995754.53150003,4006634500.0000014,y
2025070400333,,4006634500.0000014,y
2025070400334,,4006634500.0000014,y
2025070400335,,4006634500.0000014,y
2025070400336,,4006634500.0000014,y
2025070400337,,4006634500.0000014,y
2025070400338,,4006634500.0000014,y
2025070400339,,4006634500.0000014,y
2025070400340,,4006634500.0000014,y
2025070400345,0.0,4006634500.0000014,y
2025070400346,73509723.17150004,4006634500.0000014,y
2025070400347,74287010.26450004,4006634500.0000014,y
2025070400348,12452620.026000006,4006634500.0000014,y
2025070400349,16835878.169000007,4006634500.0000014,y
2025070400350,0.0,4006634500.0000014,y
2025070400351,,4006634500.0000014,y
2025070900769,,4006634500.0000014,r
2025070900770,,4006634500.0000014,r
2025070900771,,4006634500.0000014,r
2025070900772,,4006634500.0000014,r
2025070900773,,4006634500.0000014,r
2025070900775,,4006634500.0000014,i
2025070900776,,4006634500.0000014,i
2025070900779,,4006634500.0000014,i
2025070900780,,4006634500.0000014,i
2025070900781,,4006634500.0000014,i
2025070900782,,4006634500.0000014,i
2025070900783,,4006634500.0000014,i
2025070900784,,4006634500.0000014,i
2025070900785,,4006634500.0000014,i
2025070900786,,4006634500.0000014,i
2025070900787,,4006634500.0000014,i
2025070900788,,4006634500.0000014,i
2025070900789,,4006634500.0000014,z
2025071000358,0.0,4006634500.0000014,z
2025071000359,0.0,4006634500.0000014,z
2025071000360,0.0,4006634500.0000014,z
2025071000361,0.0,4006634500.0000014,z
2025071000362,0.0,4006634500.0000014,z
2025071100803,0.0,4006634500.0000014,i
2025071100804,,4006634500.0000014,i
2025071100805,,4006634500.0000014,i
2025071100807,0.0,4006634500.0000014,g
2025071100808,0.0,4006634500.0000014,g
2025071100809,0.0,4006634500.0000014,g
2025071100810,0.0,4006634500.0000014,g
2025071100811,0.0,4006634500.0000014,g
2025071700205,0.0,4006634500.0000014,g
2025071700206,0.0,4006634500.0000014,g
2025071700208,79207157.43050005,4006634500.0000014,g
2025071700210,17577105.551500008,4006634500.0000014,g
2025071700211,0.0,4006634500.0000014,g
2025071700212,0.0,4006634500.0000014,g
2025071700213,0.0,4006634500.0000014,g
2025071700214,22809770.208500013,4006634500.0000014,g
2025071700215,0.0,4006634500.0000014,g
2025071700216,34981925.81950002,4006634500.0000014,g
2025071700217,0.0,4006634500.0000014,g
2025071700221,2900803.3780000014,4006634500.0000014,g
2025071700222,75304695.42750004,4006634500.0000014,g
2025071700223,94516507.85500003,4006634500.0000014,g
2025071700224,0.0,4006634500.0000014,g
2025071700225,46785471.056500025,4006634500.0000014,g
2025071700226,0.0,4006634500.0000014,g
2025071700233,18807142.34300001,4006634500.0000014,r
2025071700236,4347198.432500003,4006634500.0000014,r
2025071700237,0.0,4006634500.0000014,r
2025071700238,34537189.39000002,4006634500.0000014,r
2025071700239,38872367.919000015,4006634500.0000014,r
2025071700240,21106950.54600001,4006634500.0000014,r
2025071700241,0.0,4006634500.0000014,r
2025071700245,2147556.0920000006,4006634500.0000014,r
2025071700247,2187622.437000001,4006634500.0000014,r
2025071700248,20670227.38550001,4006634500.0000014,r
2025071700249,0.0,4006634500.0000014,r
2025071700250,0.0,4006634500.0000014,r
2025071700252,83149685.77850004,4006634500.0000014,r
2025071700254,16699652.596000008,4006634500.0000014,r
2025070700259,,4006634500.0000014,y
2025070700260,,4006634500.0000014,y
2025070700261,,4006634500.0000014,y
2025070700262,,4006634500.0000014,y
2025070700264,,4006634500.0000014,y
2025070700265,,4006634500.0000014,y
2025070700267,,4006634500.0000014,y
2025070700268,,4006634500.0000014,y
2025070700269,,4006634500.0000014,y
2025070700270,,4006634500.0000014,y
2025070700271,,4006634500.0000014,y
2025070700272,,4006634500.0000014,y
2025070700273,,4006634500.0000014,y
2025070700274,,4006634500.0000014,y
2025070700279,,4006634500.0000014,y
2025070700280,,4006634500.0000014,y
2025070700281,,4006634500.0000014,y
2025070700282,,4006634500.0000014,y
2025070700283,,4006634500.0000014,y
2025070700284,,4006634500.0000014,y
2025070700287,,4006634500.0000014,y
2025070700289,,4006634500.0000014,y
2025070700290,,4006634500.0000014,y
2025070700291,,4006634500.0000014,y
2025070700292,,4006634500.0000014,y
2025070700293,,4006634500.0000014,y
2025070700294,,4006634500.0000014,y
2025070700295,,4006634500.0000014,y
2025070700296,,4006634500.0000014,y
2025070700297,,4006634500.0000014,y
2025070700298,,4006634500.0000014,y
2025081000410,15710013.874500006,4006634500.0000014,y
2025081000411,16391141.739500009,4006634500.0000014,y
2025081000412,0.0,4006634500.0000014,y
2025081000413,76085989.15500003,4006634500.0000014,y
2025081000414,0.0,4006634500.0000014,y
2025081000415,0.0,4006634500.0000014,y
2025081000424,0.0,4006634500.0000014,i
2025081000425,0.0,4006634500.0000014,i
2025081000426,0.0,4006634500.0000014,i
2025081000427,0.0,4006634500.0000014,i
2025081000428,0.0,4006634500.0000014,i
2025081000429,0.0,4006634500.0000014,i
2025081000430,0.0,4006634500.0000014,i
2025081000431,0.0,4006634500.0000014,i
2025081000432,0.0,4006634500.0000014,i
2025081000433,0.0,4006634500.0000014,i
2025081000434,0.0,4006634500.0000014,i
2025081000435,0.0,4006634500.0000014,i
2025081000436,0.0,4006634500.0000014,i
2025081000437,0.0,4006634500.0000014,i
2025081000438,0.0,4006634500.0000014,i
2025081000439,0.0,4006634500.0000014,i
2025081000440,17913662.84950001,4006634500.0000014,i
2025081000441,0.0,4006634500.0000014,i
2025081000442,0.0,4006634500.0000014,i
2025081000443,0.0,4006634500.0000014,i
2025081000444,0.0,4006634500.0000014,i
2025081000446,0.0,4006634500.0000014,z
2025081000447,0.0,4006634500.0000014,z
2025081000448,0.0,4006634500.0000014,z
2025081000449,0.0,4006634500.0000014,z
2025071700699,4359218.336000002,4006634500.0000014,r
2025071700700,133969837.77650006,4006634500.0000014,r
2025071700701,2235702.0510000014,4006634500.0000014,r
2025071700702,2211662.244000001,4006634500.0000014,r
2025071700703,2219675.513000001,4006634500.0000014,r
2025071700704,4467397.467500002,4006634500.0000014,r
2025071700705,4287098.915000002,4006634500.0000014,r
2025071700706,6186243.668000003,4006634500.0000014,r
2025071700707,2191629.071500001,4006634500.0000014,r
2025071700708,353813872.7915001,4006634500.0000014,r
2025071700709,86647477.69700004,4006634500.0000014,r
2025071700710,19772741.25750001,4006634500.0000014,r
2025071700711,2187622.437000001,4006634500.0000014,r
2025071700722,2211662.244000001,4006634500.0000014,r
2025071700723,2215668.878500001,4006634500.0000014,r
2025071700724,2227688.782000001,4006634500.0000014,r
2025071800184,0.0,4006634500.0000014,g
2025071800198,74851945.72900005,4006634500.0000014,u
2025071800199,25245803.984500013,4006634500.0000014,u
2025071800200,24276198.43550001,4006634500.0000014,u
2025071800201,20293603.74250001,4006634500.0000014,u
2025071800202,4547530.1575000025,4006634500.0000014,u
2025071800206,4403291.315500002,4006634500.0000014,u
2025071800207,262602838.3990001,4006634500.0000014,u
2025071800208,714783594.8000004,4006634500.0000014,u
2025071800210,217476114.0255001,4006634500.0000014,u
2025071800211,4487430.6400000015,4006634500.0000014,u
2025071800212,90581992.77600004,4006634500.0000014,u
2025071800213,219832015.1115001,4006634500.0000014,u
2025071800214,18983434.26100001,4006634500.0000014,u
2025071800215,19011480.70250001,4006634500.0000014,u
2025071900569,4523490.3505000025,4006634500.0000014,u
2025071900570,4539516.888500002,4006634500.0000014,u
2025071900571,0.0,4006634500.0000014,i
2025071900572,0.0,4006634500.0000014,i
2025071900573,0.0,4006634500.0000014,i
2025071900574,0.0,4006634500.0000014,i
2025071900575,0.0,4006634500.0000014,g
2025071900576,0.0,4006634500.0000014,g
2025071900577,0.0,4006634500.0000014,g
2025071900578,64374596.51150004,4006634500.0000014,g
2025071900579,0.0,4006634500.0000014,g
2025071900580,0.0,4006634500.0000014,g
2025071900581,0.0,4006634500.0000014,g
2025071900582,0.0,4006634500.0000014,g
2025071900583,0.0,4006634500.0000014,g
2025071900584,4527496.985000002,4006634500.0000014,u
2025071900585,4527496.985000002,4006634500.0000014,u
2025071900586,0.0,4006634500.0000014,i
2025071900587,0.0,4006634500.0000014,i
2025071900588,0.0,4006634500.0000014,i
2025071900589,0.0,4006634500.0000014,i
2025071900590,0.0,4006634500.0000014,i
2025071900591,0.0,4006634500.0000014,i
2025071900592,0.0,4006634500.0000014,i
2025071900593,0.0,4006634500.0000014,i
2025071900594,4523490.3505000025,4006634500.0000014,u
2025071900595,4523490.3505000025,4006634500.0000014,u
2025071900596,7652671.895000003,4006634500.0000014,u
2025071900597,7648665.260500004,4006634500.0000014,u
2025071900598,7644658.626000003,4006634500.0000014,u
2025071900599,4082760.555500002,4006634500.0000014,r
2025081600478,0.0,4006634500.0000014,i
2025081600479,0.0,4006634500.0000014,i
2025081600480,0.0,4006634500.0000014,i
2025081600481,,4006634500.0000014,i
2025081600482,0.0,4006634500.0000014,i
2025081600486,0.0,4006634500.0000014,z
2025081600487,,4006634500.0000014,z
2025081600488,0.0,4006634500.0000014,z
2025081600489,,4006634500.0000014,z
2025081600490,0.0,4006634500.0000014,z
2025081600491,0.0,4006634500.0000014,z
2025081600492,0.0,4006634500.0000014,z
2025081600493,0.0,4006634500.0000014,z
2025081600494,0.0,4006634500.0000014,z
2025081600495,0.0,4006634500.0000014,z
2025081600496,0.0,4006634500.0000014,z
2025081600497,0.0,4006634500.0000014,z
2025081600498,0.0,4006634500.0000014,z
2025081600499,0.0,4006634500.0000014,z
2025081600500,0.0,4006634500.0000014,z
2025081600501,0.0,4006634500.0000014,z
2025081600502,0.0,4006634500.0000014,z
2025081600503,0.0,4006634500.0000014,z
2025081600504,0.0,4006634500.0000014,z
2025081600505,0.0,4006634500.0000014,z
2025081600509,4202959.590500003,4006634500.0000014,r
2025081600524,0.0,4006634500.0000014,r
2025081600526,2219675.513000001,4006634500.0000014,r
2025081600527,,4006634500.0000014,r
2025081600528,,4006634500.0000014,r
2025081600529,,4006634500.0000014,r
2025070400428,15072958.989000008,4006634500.0000014,y
2025070400433,0.0,4006634500.0000014,y
2025070400435,0.0,4006634500.0000014,y
2025070400436,100153842.59650004,4006634500.0000014,y
2025070400437,0.0,4006634500.0000014,y
2025070400440,15345410.135000007,4006634500.0000014,y
2025070400441,0.0,4006634500.0000014,y
2025070400443,14612196.021500006,4006634500.0000014,y
2025070400444,12544772.619500006,4006634500.0000014,y
2025070400448,16711672.499500008,4006634500.0000014,y
2025070400449,61461773.230000034,4006634500.0000014,y
2025070400451,0.0,4006634500.0000014,y
2025070400486,,4006634500.0000014,y
2025070400487,,4006634500.0000014,y
2025070400488,,4006634500.0000014,z
2025070400489,,4006634500.0000014,z
2025070400491,,4006634500.0000014,z
2025070400492,,4006634500.0000014,z
2025070400496,,4006634500.0000014,z
2025070400497,,4006634500.0000014,z
2025070400499,,4006634500.0000014,z
2025070400534,,4006634500.0000014,z
2025070400535,,4006634500.0000014,z
2025070400536,,4006634500.0000014,r
2025070400537,,4006634500.0000014,r
2025070400538,,4006634500.0000014,r
2025070400539,,4006634500.0000014,r
2025070400540,,4006634500.0000014,r
2025070400541,,4006634500.0000014,y
2025070400542,,4006634500.0000014,y
2025070400543,,4006634500.0000014,y
2025072100667,18887275.033000007,4006634500.0000014,g
2025072100668,0.0,4006634500.0000014,g
2025072100669,0.0,4006634500.0000014,g
2025072100670,15990478.289500007,4006634500.0000014,g
2025072100671,0.0,4006634500.0000014,g
2025072100672,0.0,4006634500.0000014,g
2025072100673,,4006634500.0000014,g
2025072100674,,4006634500.0000014,g
2025072100675,,4006634500.0000014,g
2025072100676,0.0,4006634500.0000014,g
2025072100677,0.0,4006634500.0000014,g
2025072100678,0.0,4006634500.0000014,g
2025072100679,,4006634500.0000014,g
2025072100680,0.0,4006634500.0000014,g
2025072100681,0.0,4006634500.0000014,g
2025072100685,0.0,4006634500.0000014,g
2025072100686,0.0,4006634500.0000014,g
2025072200081,,4006634500.0000014,r
2025072200129,0.0,4006634500.0000014,i
2025072200144,,4006634500.0000014,g
2025072200145,102910407.13250004,4006634500.0000014,g
2025072200146,,4006634500.0000014,g
2025072200147,,4006634500.0000014,g
2025072200148,19612475.87750001,4006634500.0000014,g
2025072200149,,4006634500.0000014,g
2025072200151,34929839.57100002,4006634500.0000014,g
2025072200152,,4006634500.0000014,g
2025072200175,,4006634500.0000014,g
2025072200176,,4006634500.0000014,g
2025072200181,,4006634500.0000014,g
2025072200182,,4006634500.0000014,g
2025071900423,16775778.651500007,4006634500.0000014,g
2025071900424,19664562.12600001,4006634500.0000014,g
2025071900425,0.0,4006634500.0000014,g
2025071900426,0.0,4006634500.0000014,g
2025071900427,0.0,4006634500.0000014,g
2025071900428,89247783.48750003,4006634500.0000014,g
2025071900429,83967039.21650004,4006634500.0000014,g
2025071900430,16114683.959000006,4006634500.0000014,g
2025071900431,8117441.497000004,4006634500.0000014,g
2025071900432,36576566.35050002,4006634500.0000014,g
2025071900433,65123837.16300003,4006634500.0000014,g
2025071900434,0.0,4006634500.0000014,g
2025071900438,19207805.79300001,4006634500.0000014,g
2025071900439,100790897.48200004,4006634500.0000014,g
2025071900482,4467397.467500002,4006634500.0000014,u
2025071900512,0.0,4006634500.0000014,g
2025071900513,1230036.7915000005,4006634500.0000014,g
2025071900553,39513429.43900002,4006634500.0000014,g
2025071900554,16026538.00000001,4006634500.0000014,g
2025071900555,0.0,4006634500.0000014,g
2025071900556,0.0,4006634500.0000014,g
2025071900557,0.0,4006634500.0000014,g
2025071900558,0.0,4006634500.0000014,g
2025071900561,90806364.30800004,4006634500.0000014,g
2025071900562,0.0,4006634500.0000014,g
2025071900563,6414621.834500004,4006634500.0000014,g
2025071900564,0.0,4006634500.0000014,g
2025071900565,0.0,4006634500.0000014,g
2025071900566,0.0,4006634500.0000014,g
2025071900567,4551536.792000003,4006634500.0000014,u
2025071900568,4535510.2540000025,4006634500.0000014,u
2025080900277,0.0,4006634500.0000014,y
2025080900278,15902332.330500009,4006634500.0000014,y
2025080900279,0.0,4006634500.0000014,y
2025080900280,16875944.51400001,4006634500.0000014,y
2025080900281,57002389.031500034,4006634500.0000014,y
2025080900282,0.0,4006634500.0000014,y
2025080900283,15505675.515000008,4006634500.0000014,y
2025080900284,0.0,4006634500.0000014,i
2025080900285,87885527.75750005,4006634500.0000014,i
2025080900286,0.0,4006634500.0000014,i
2025080900287,0.0,4006634500.0000014,i
2025080900288,0.0,4006634500.0000014,i
2025080900289,0.0,4006634500.0000014,i
2025080900290,0.0,4006634500.0000014,i
2025080900291,0.0,4006634500.0000014,i
2025080900292,0.0,4006634500.0000014,i
2025080900293,0.0,4006634500.0000014,i
2025080900294,0.0,4006634500.0000014,i
2025080900295,0.0,4006634500.0000014,i
2025080900296,0.0,4006634500.0000014,i
2025080900297,0.0,4006634500.0000014,i
2025080900298,1730866.1040000007,4006634500.0000014,i
2025080900299,0.0,4006634500.0000014,i
2025080900300,30626714.118000016,4006634500.0000014,i
2025080900301,0.0,4006634500.0000014,i
2025080900302,0.0,4006634500.0000014,i
2025080900303,0.0,4006634500.0000014,i
2025080900304,0.0,4006634500.0000014,i
2025080900305,0.0,4006634500.0000014,i
2025080900306,0.0,4006634500.0000014,i
2025080900307,0.0,4006634500.0000014,i
2025070900473,,4006634500.0000014,y
2025070900474,,4006634500.0000014,y
2025070900475,,4006634500.0000014,y
2025070900479,,4006634500.0000014,i
2025070900482,,4006634500.0000014,i
2025070900483,,4006634500.0000014,i
2025070900484,,4006634500.0000014,i
2025070900485,,4006634500.0000014,i
2025070900486,,4006634500.0000014,i
2025070900487,,4006634500.0000014,i
2025070900696,,4006634500.0000014,r
2025070900697,,4006634500.0000014,r
2025070900698,,4006634500.0000014,r
2025070900707,,4006634500.0000014,y
2025070900708,,4006634500.0000014,y
2025070900709,,4006634500.0000014,y
2025070900711,,4006634500.0000014,y
2025070900712,,4006634500.0000014,y
2025070900713,,4006634500.0000014,y
2025070900715,,4006634500.0000014,y
2025070900717,,4006634500.0000014,y
2025070900718,,4006634500.0000014,y
2025070900719,,4006634500.0000014,y
2025070900720,,4006634500.0000014,y
2025070900722,,4006634500.0000014,y
2025070900723,,4006634500.0000014,y
2025070900724,,4006634500.0000014,y
2025070900725,,4006634500.0000014,y
2025070900726,,4006634500.0000014,y
2025070900727,,4006634500.0000014,y
2025070900728,,4006634500.0000014,y
2025060800551,,4006634500.0000014,z
2025060800552,,4006634500.0000014,z
2025060800553,,4006634500.0000014,z
2025060800554,,4006634500.0000014,z
2025060800555,,4006634500.0000014,z
2025060800556,,4006634500.0000014,z
2025060800557,,4006634500.0000014,z
2025060800558,,4006634500.0000014,z
2025060800559,,4006634500.0000014,z
2025060800560,,4006634500.0000014,z
2025060800561,,4006634500.0000014,z
2025060800562,,4006634500.0000014,z
2025060800563,,4006634500.0000014,z
2025060800564,,4006634500.0000014,z
2025060800565,,4006634500.0000014,z
2025060800566,,4006634500.0000014,z
2025060800567,,4006634500.0000014,z
2025060800568,,4006634500.0000014,z
2025060900544,,4006634500.0000014,y
2025060900545,,4006634500.0000014,y
2025060900546,,4006634500.0000014,y
2025060900547,,4006634500.0000014,y
2025060900548,,4006634500.0000014,y
2025060900549,,4006634500.0000014,y
2025060900550,,4006634500.0000014,y
2025060900551,,4006634500.0000014,y
2025060900552,,4006634500.0000014,y
2025060900553,,4006634500.0000014,y
2025060900554,,4006634500.0000014,y
2025060900555,,4006634500.0000014,y
2025060900556,,4006634500.0000014,y
2025082600446,0.0,4006634500.0000014,i
2025082600447,0.0,4006634500.0000014,i
2025082600448,0.0,4006634500.0000014,i
2025082600449,0.0,4006634500.0000014,i
2025082600450,0.0,4006634500.0000014,i
2025082600451,0.0,4006634500.0000014,i
2025082600452,0.0,4006634500.0000014,i
2025082600453,4307132.087500002,4006634500.0000014,r
2025082600454,4062727.383000002,4006634500.0000014,r
2025082600455,4307132.087500002,4006634500.0000014,r
2025082600456,2223682.1475000014,4006634500.0000014,r
2025082600457,2239708.685500001,4006634500.0000014,r
2025082600513,0.0,4006634500.0000014,i
2025082600514,0.0,4006634500.0000014,i
2025082600515,0.0,4006634500.0000014,i
2025082600516,0.0,4006634500.0000014,i
2025082600534,2139542.8230000013,4006634500.0000014,r
2025082600535,2203648.975000001,4006634500.0000014,r
2025082600536,2159575.995500001,4006634500.0000014,r
2025082600537,0.0,4006634500.0000014,r
2025082700332,0.0,4006634500.0000014,i
2025082700333,0.0,4006634500.0000014,i
2025082700334,0.0,4006634500.0000014,i
2025082800166,8546151.388500005,4006634500.0000014,i
2025082800167,0.0,4006634500.0000014,i
2025082800168,1786958.9870000011,4006634500.0000014,i
2025082800169,0.0,4006634500.0000014,i
2025082800170,1666759.9520000007,4006634500.0000014,i
2025082800171,0.0,4006634500.0000014,i
2025082800172,0.0,4006634500.0000014,i
2025090200191,,4006634500.0000014,r
2025072200470,0.0,4006634500.0000014,r
2025072200471,0.0,4006634500.0000014,r
2025072200472,0.0,4006634500.0000014,r
2025072200473,0.0,4006634500.0000014,r
2025072200474,0.0,4006634500.0000014,z
2025072200475,0.0,4006634500.0000014,r
2025072200476,0.0,4006634500.0000014,r
2025072200477,0.0,4006634500.0000014,r
2025072200478,0.0,4006634500.0000014,z
2025072200479,0.0,4006634500.0000014,z
2025072200480,0.0,4006634500.0000014,z
2025072200481,0.0,4006634500.0000014,z
2025072200482,0.0,4006634500.0000014,z
2025072200483,0.0,4006634500.0000014,z
2025072200484,0.0,4006634500.0000014,z
2025072200485,0.0,4006634500.0000014,z
2025072200486,0.0,4006634500.0000014,z
2025072200487,0.0,4006634500.0000014,z
2025072200488,0.0,4006634500.0000014,z
2025072200546,0.0,4006634500.0000014,i
2025072200547,0.0,4006634500.0000014,i
2025072200548,0.0,4006634500.0000014,i
2025072200549,0.0,4006634500.0000014,i
2025072200550,0.0,4006634500.0000014,i
2025072200551,0.0,4006634500.0000014,i
2025072200555,0.0,4006634500.0000014,i
2025072200556,17773430.64200001,4006634500.0000014,i
2025072200557,0.0,4006634500.0000014,i
2025072200566,0.0,4006634500.0000014,g
2025072200567,0.0,4006634500.0000014,g
2025072200568,0.0,4006634500.0000014,g
2025090200223,,4006634500.0000014,z
2025090200224,,4006634500.0000014,z
2025090200225,,4006634500.0000014,z
2025090200226,,4006634500.0000014,z
2025090200227,,4006634500.0000014,z
2025090200228,,4006634500.0000014,z
2025090200229,,4006634500.0000014,z
2025090200230,,4006634500.0000014,z
2025090200231,,4006634500.0000014,z
2025090200232,,4006634500.0000014,z
2025090200233,,4006634500.0000014,z
2025090200234,,4006634500.0000014,z
2025090200235,,4006634500.0000014,z
2025090200236,,4006634500.0000014,z
2025090200237,,4006634500.0000014,z
2025090200238,,4006634500.0000014,z
2025090200239,,4006634500.0000014,z
2025090200240,,4006634500.0000014,z
2025090200241,,4006634500.0000014,z
2025090200242,,4006634500.0000014,z
2025090200243,,4006634500.0000014,z
2025090200244,,4006634500.0000014,z
2025090200247,,4006634500.0000014,z
2025090200248,,4006634500.0000014,z
2025090200249,,4006634500.0000014,z
2025090200250,,4006634500.0000014,z
2025090200251,,4006634500.0000014,z
2025090200252,,4006634500.0000014,z
2025090200253,,4006634500.0000014,z
2025090200254,,4006634500.0000014,z
2025070600364,0.0,4006634500.0000014,z
2025070600367,0.0,4006634500.0000014,z
2025070600369,0.0,4006634500.0000014,z
2025070600370,0.0,4006634500.0000014,z
2025070600371,14908686.974500006,4006634500.0000014,z
2025070600372,0.0,4006634500.0000014,z
2025070600375,27000709.89550001,4006634500.0000014,z
2025070600456,0.0,4006634500.0000014,y
2025070600457,0.0,4006634500.0000014,y
2025070600458,0.0,4006634500.0000014,y
2025070600459,0.0,4006634500.0000014,y
2025070600475,16110677.324500008,4006634500.0000014,y
2025070600479,0.0,4006634500.0000014,y
2025070600481,0.0,4006634500.0000014,y
2025070600482,0.0,4006634500.0000014,y
2025070600483,26808391.43950001,4006634500.0000014,y
2025070600484,16727699.037500007,4006634500.0000014,y
2025070600485,16230876.359500006,4006634500.0000014,y
2025070600490,49730347.41400003,4006634500.0000014,y
2025070600510,1778945.7180000008,4006634500.0000014,i
2025070700152,,4006634500.0000014,z
2025070700153,,4006634500.0000014,z
2025070700154,,4006634500.0000014,z
2025070700157,,4006634500.0000014,z
2025070700158,,4006634500.0000014,z
2025070700160,,4006634500.0000014,z
2025070700200,,4006634500.0000014,i
2025070700201,,4006634500.0000014,i
2025070700202,,4006634500.0000014,i
2025070700205,,4006634500.0000014,i
2025070700206,,4006634500.0000014,i
2025090200295,,4006634500.0000014,z
2025090200296,,4006634500.0000014,z
2025090200297,,4006634500.0000014,z
2025090200298,,4006634500.0000014,z
2025090200299,,4006634500.0000014,z
2025090200300,,4006634500.0000014,z
2025090200301,,4006634500.0000014,z
2025090200302,,4006634500.0000014,z
2025090200314,,4006634500.0000014,z
2025090200321,,4006634500.0000014,z
2025090200322,,4006634500.0000014,z
2025090200323,,4006634500.0000014,z
2025090200324,,4006634500.0000014,z
2025090200325,,4006634500.0000014,z
2025090200326,,4006634500.0000014,z
2025090200327,,4006634500.0000014,z
2025090200328,,4006634500.0000014,z
2025090200329,,4006634500.0000014,z
2025090200330,,4006634500.0000014,i
2025090200331,,4006634500.0000014,i
2025090200332,,4006634500.0000014,i
2025090200339,,4006634500.0000014,i
2025090200340,,4006634500.0000014,i
2025090200341,,4006634500.0000014,i
2025090200342,,4006634500.0000014,i
2025090200343,,4006634500.0000014,i
2025090200359,,4006634500.0000014,i
2025090200360,,4006634500.0000014,i
2025090200361,,4006634500.0000014,i
2025090200362,,4006634500.0000014,i
2025081000304,0.0,4006634500.0000014,y
2025081000305,0.0,4006634500.0000014,y
2025081000306,0.0,4006634500.0000014,y
2025081000307,16371108.567000007,4006634500.0000014,y
2025081000308,78337717.74400003,4006634500.0000014,y
2025081000309,22693577.808000013,4006634500.0000014,y
2025081000310,0.0,4006634500.0000014,y
2025081000311,0.0,4006634500.0000014,y
2025081000312,0.0,4006634500.0000014,y
2025081000313,76106022.32750005,4006634500.0000014,y
2025081000314,0.0,4006634500.0000014,y
2025081000315,0.0,4006634500.0000014,y
2025081000328,0.0,4006634500.0000014,i
2025081000329,0.0,4006634500.0000014,i
2025081000330,0.0,4006634500.0000014,i
2025081000331,0.0,4006634500.0000014,i
2025081000332,0.0,4006634500.0000014,i
2025081000333,0.0,4006634500.0000014,i
2025081000334,0.0,4006634500.0000014,i
2025081000335,0.0,4006634500.0000014,i
2025081000336,0.0,4006634500.0000014,i
2025081000337,0.0,4006634500.0000014,i
2025081000338,0.0,4006634500.0000014,i
2025081000339,0.0,4006634500.0000014,i
2025081000340,0.0,4006634500.0000014,i
2025081000341,0.0,4006634500.0000014,i
2025081000354,0.0,4006634500.0000014,y
2025081000355,0.0,4006634500.0000014,y
2025081000356,0.0,4006634500.0000014,y
2025081000357,0.0,4006634500.0000014,y
2025081000358,0.0,4006634500.0000014,y
2025072300530,12240268.397500006,4006634500.0000014,g
2025072300531,0.0,4006634500.0000014,g
2025072300532,0.0,4006634500.0000014,g
2025072300533,0.0,4006634500.0000014,g
2025072300534,0.0,4006634500.0000014,g
2025072300535,0.0,4006634500.0000014,g
2025072300536,0.0,4006634500.0000014,g
2025072300537,19684595.29850001,4006634500.0000014,g
2025072300538,16727699.037500007,4006634500.0000014,g
2025072300539,0.0,4006634500.0000014,g
2025072300540,0.0,4006634500.0000014,g
2025072300541,0.0,4006634500.0000014,g
2025072300542,0.0,4006634500.0000014,g
2025072300543,0.0,4006634500.0000014,g
2025072300544,0.0,4006634500.0000014,g
2025072300545,0.0,4006634500.0000014,g
2025072300546,54245824.49550003,4006634500.0000014,g
2025072300547,0.0,4006634500.0000014,g
2025072300548,0.0,4006634500.0000014,g
2025072300549,2087456.574500001,4006634500.0000014,r
2025072300550,34945866.10900001,4006634500.0000014,r
2025072300551,18170087.45750001,4006634500.0000014,r
2025072300552,2171595.899000001,4006634500.0000014,r
2025072300553,2195635.706000001,4006634500.0000014,r
2025072300554,2115503.0160000008,4006634500.0000014,r
2025072300555,4367231.605000002,4006634500.0000014,r
2025072300556,4375244.874000002,4006634500.0000014,r
2025072300557,3918488.5410000025,4006634500.0000014,r
2025072300558,0.0,4006634500.0000014,r
2025072300559,2215668.878500001,4006634500.0000014,r
2025072300560,4375244.874000002,4006634500.0000014,r
